artist_id,artist_name,genre,sub_genre,is_crossover,crossover_note,origin_city,bio_short,profile_image_url,spotify_artist_id,spotify_url,monthly_listeners,tier,stage,day,time_slot
A001,Bruno Mars,Pop,"funk-pop, pop-soul",False,,"Honolulu, Hawaii, US",Genre-blending pop-funk showman known for retro-soul influenced hits.,https://i.scdn.co/image/ab6761610000e5ebc7688aad1bf03986934d7e26,0du5cEVh5yTK9QJze8zA0C,https://open.spotify.com/artist/0du5cEVh5yTK9QJze8zA0C,"131,256,019",Headliner,,,
A002,Justin Bieber,Pop,"pop, R&B-pop",False,,"London, Ontario, Canada",Global pop superstar who rose from YouTube covers to arena headliner status.,https://i.scdn.co/image/ab6761610000e5ebaf20f7db5288bce9beede034,1uNFoZAHBGtllmzznpCI3s,https://open.spotify.com/artist/1uNFoZAHBGtllmzznpCI3s,"124,726,296",Headliner,,,
A003,Bad Bunny,Pop,"reggaeton, Latin trap crossover",True,Latin urban -> global pop crossover,"San Juan, Puerto Rico",Puerto Rican artist who brought reggaeton and Latin trap to the top of global charts.,https://i.scdn.co/image/ab6761610000e5eb81f47f44084e0a09b5f0fa13,4q3ewBCX7sLwd24euuV69X,https://open.spotify.com/artist/4q3ewBCX7sLwd24euuV69X,"98,473,485",Headliner,,,
A004,Drake,Pop,"hip-hop, pop-rap crossover",True,Hip-hop -> pop-rap crossover,"Toronto, Canada",Canadian rapper-singer whose melodic hip-hop dominates global streaming.,https://i.scdn.co/image/ab6761610000e5eb4293385d324db8558179afd9,3TVXtAsR1Inumwj472S9r4,https://open.spotify.com/artist/3TVXtAsR1Inumwj472S9r4,"92,046,033",Headliner,,,
A005,Coldplay,Rock,"pop-rock, alternative rock",False,,"London, England","English rock band known for anthemic, stadium-filling pop-rock.",https://i.scdn.co/image/ab6761610000e5eb1ba8fc5f5c73e7e9313cc6eb,4gzpq5DPGxSnKTe4SA8HAU,https://open.spotify.com/artist/4gzpq5DPGxSnKTe4SA8HAU,"91,964,874",Headliner,,,
A006,Ed Sheeran,Pop,"pop, folk-pop",False,,"Halifax, England",English singer-songwriter blending acoustic folk roots with mainstream pop.,https://i.scdn.co/image/ab6761610000e5ebd55c95ad400aed87da52daec,6eUKZXaKkcviH0Ku9w2n3V,https://open.spotify.com/artist/6eUKZXaKkcviH0Ku9w2n3V,"83,282,883",Headliner,,,
A007,Billie Eilish,Pop,"alt-pop, electropop",False,,"Los Angeles, California, US","American artist known for whisper-vocal, bedroom-produced alt-pop.",https://i.scdn.co/image/ab6761610000e5eb4a21b4760d2ecb7b0dcdc8da,6qqNVTkY8uBg9cP3Jd7DAH,https://open.spotify.com/artist/6qqNVTkY8uBg9cP3Jd7DAH,"78,340,159",Headliner,,,
A008,Olivia Rodrigo,Pop,"pop-rock, alt-pop",True,Pop -> pop-rock/alt-rock crossover,"Temecula, California, US",American singer-songwriter whose catalog spans confessional pop and pop-punk-leaning rock.,https://i.scdn.co/image/ab6761610000e5ebb14eb4dcfd2f3858bed06e44,1McMsnEElThX1knmY4oliG,https://open.spotify.com/artist/1McMsnEElThX1knmY4oliG,"69,721,592",Headliner,,,
A009,Dua Lipa,Pop,"dance-pop, disco-pop",False,,"London, UK",English singer-songwriter known for dance-pop hits blending disco and house influences.,https://i.scdn.co/image/ab6761610000e5eb0c68f6c95232e716f0abee8d,6M2wZ9GZgrQXHCFfjv46we,https://open.spotify.com/artist/6M2wZ9GZgrQXHCFfjv46we,"68,644,956",Headliner,,,
A010,Harry Styles,Rock,"pop-rock, glam-pop",False,,"Redditch, England",English artist known for 70s-influenced glam pop-rock and stadium showmanship.,https://i.scdn.co/image/ab6761610000e5ebe309f8c3056a59f20d0968ca,6KImCVD70vtIoJWnq6nGn3,https://open.spotify.com/artist/6KImCVD70vtIoJWnq6nGn3,"64,416,661",Headliner,,,
A011,Sabrina Carpenter,Pop,"pop, pop-rock",False,,"Lehigh Valley, Pennsylvania, US","American pop singer-actress who broke into the mainstream with witty, theatrical pop hits.",https://i.scdn.co/image/ab6761610000e5eb78e45cfa4697ce3c437cb455,74KM79TiuVKeVCqs8QtB0B,https://open.spotify.com/artist/74KM79TiuVKeVCqs8QtB0B,"61,377,126",Headliner,,,
A012,Post Malone,Pop,"pop-rap crossover, country-pop",True,Hip-hop/trap -> Pop & Country crossover,"Syracuse, New York, US (raised Grapevine, TX)","American artist who moved from trap-influenced pop-rap into melodic pop and, more recently, country.",https://i.scdn.co/image/ab6761610000e5ebe17c0aa1714a03d62b5ce4e0,246dkjvS1zLTtiykXe5h60,https://open.spotify.com/artist/246dkjvS1zLTtiykXe5h60,"61,284,106",Headliner,,,
A013,Doja Cat,Pop,"pop, hip-hop crossover",True,Hip-hop/R&B -> pop crossover,"Los Angeles, California, US","American artist blending pop, hip-hop and R&B with genre-hopping releases.",https://i.scdn.co/image/ab6761610000e5eb8a0644455ebfa7d3976f5101,5cj0lLjcoR7YOSnhnX0Po5,https://open.spotify.com/artist/5cj0lLjcoR7YOSnhnX0Po5,"53,884,990",Headliner,,,
A014,Imagine Dragons,Rock,"pop-rock, arena rock",False,,"Las Vegas, Nevada, US","American band known for anthemic, radio-friendly pop-rock.",https://i.scdn.co/image/ab6761610000e5ebab47d8dae2b24f5afe7f9d38,53XhwfbYqKCa1cC15pYq2q,https://open.spotify.com/artist/53XhwfbYqKCa1cC15pYq2q,"53,349,365",Headliner,,,
A015,Arctic Monkeys,Rock,"indie rock, garage rock",False,,"Sheffield, England","English rock band known for witty lyricism, evolving from garage rock roots into a more atmospheric sound.",https://i.scdn.co/image/ab6761610000e5eb7da39dea0a72f581535fb11f,7Ln80lUS6He07XvHI8qqHH,https://open.spotify.com/artist/7Ln80lUS6He07XvHI8qqHH,"52,229,442",Headliner,,,
A016,JENNIE,Pop,"k-pop, pop",True,K-pop -> Western pop crossover,"Seoul, South Korea",BLACKPINK member pursuing a solo pop career aimed at Western audiences.,https://i.scdn.co/image/ab6761610000f1781baf2b14cf78bad62d01a8cd,250b0Wlc5Vk0CoUsaCY84M,https://open.spotify.com/artist/250b0Wlc5Vk0CoUsaCY84M,"49,957,622*",Headliner,,,
A017,sombr,Pop,"indie pop, bedroom pop, alt-pop",False,,"Brooklyn, New York, US","American singer-producer known for moody, viral bedroom-pop singles.",https://i.scdn.co/image/ab6761610000517478edaa6468cae153565c2c97,4G9NDjRyZFDlJKMRL8hx3S,https://open.spotify.com/artist/4G9NDjRyZFDlJKMRL8hx3S,"57,002,434",Headliner,,,
A018,Dominic Fike,Pop,"indie pop, alt-pop",False,,"Naples, Florida, US",American singer-songwriter known for genre-blending indie pop with R&B and rock textures.,https://i.scdn.co/image/ab6761610000e5ebf2903326ec44d5ecb37dcad9,6USv9qhCn6zfxlBQIYJ9qs,https://open.spotify.com/artist/6USv9qhCn6zfxlBQIYJ9qs,"56,647,839",Headliner,,,
A019,OneRepublic,Pop,pop-rock,False,,"Colorado Springs, Colorado, US","American band known for polished, radio-ready pop-rock anthems.",https://i.scdn.co/image/ab6761610000e5eb3202f1bcacc6d8f581f32ffd,5Pwc4xIPtQLFEnJriah9YJ,https://open.spotify.com/artist/5Pwc4xIPtQLFEnJriah9YJ,"49,005,005",Support,,,
A020,Camila Cabello,Pop,"pop, Latin pop",False,,"Havana, Cuba / Miami, US",Cuban-American singer known for Latin-inflected pop hits.,https://i.scdn.co/image/ab6761610000e5eb76470faf6330235edbcb90a9,4nDoRrQiYLoBzwC5BhVJzF,https://open.spotify.com/artist/4nDoRrQiYLoBzwC5BhVJzF,"48,960,864",Support,,,
A021,Charlie Puth,Pop,"pop, blue-eyed soul",False,,"Rumson, New Jersey, US","American singer-producer known for smooth, R&B-tinged pop.",https://i.scdn.co/image/ab6761610000e5eb6721f541fb123145d4cb3ace,6VuMaDnrHyPL1p4EHjYLi7,https://open.spotify.com/artist/6VuMaDnrHyPL1p4EHjYLi7,"48,222,851",Support,,,
A022,Red Hot Chili Peppers,Rock,"funk rock, alternative rock",False,,"Los Angeles, California, US",American band pioneering the fusion of funk grooves with rock energy.,https://i.scdn.co/image/ab6761610000e5ebc33cc15260b767ddec982ce8,0L8ExT028jH3ddEcZwqJJ5,https://open.spotify.com/artist/0L8ExT028jH3ddEcZwqJJ5,"46,696,981",Support,,,
A023,Green Day,Rock,"punk rock, pop-punk",False,,"Berkeley/Oakland, California, US",American band credited with bringing pop-punk to the mainstream.,https://i.scdn.co/image/ab6761610000e5eb6ff0cd5ef2ecf733804984bb,7oPftvlwr6VrsViSDV7fJY,https://open.spotify.com/artist/7oPftvlwr6VrsViSDV7fJY,"41,852,817",Support,,,
A024,Selena Gomez,Pop,pop,False,,"Grand Prairie, Texas, US",American singer-actress known for polished mainstream pop.,https://i.scdn.co/image/ab6761610000e5eb815e520e3ce7fe210046ba66,0C8ZW7ezQVs4URX5aX7Kqx,https://open.spotify.com/artist/0C8ZW7ezQVs4URX5aX7Kqx,"42,984,564",Support,,,
A025,Tate McRae,Pop,"pop, dance-pop",False,,"Calgary, Canada",Canadian singer-dancer known for emotionally direct dance-pop.,https://i.scdn.co/image/ab6761610000e5ebbed8016bd64422793ff3bc75,45dkTj5sMRSjrmBSBeiHym,https://open.spotify.com/artist/45dkTj5sMRSjrmBSBeiHym,"42,423,905",Support,,,
A026,Benson Boone,Pop,"pop, piano-pop",False,,"Monroe, Washington, US","American singer known for soaring, piano-driven pop anthems.",https://i.scdn.co/image/ab6761610000e5ebb68234e1a673acc3d873d3e6,22wbnEMDvgVIAGdFeek6ET,https://open.spotify.com/artist/22wbnEMDvgVIAGdFeek6ET,"42,050,133",Support,,,
A027,One Direction,Pop,pop,False,,"London, England (formed via X Factor UK)","British-Irish pop group formed on The X Factor, one of the best-selling boy bands ever.",,4AK6F7OLvEQ5QYCBNiQWHq,https://open.spotify.com/artist/4AK6F7OLvEQ5QYCBNiQWHq,"45,942,107",Support,,,
A028,Twenty One Pilots,Rock,"pop-rock, alt-rock",False,,"Columbus, Ohio, US",American duo blending pop-rock with rap and electronic elements.,https://i.scdn.co/image/ab6761610000e5eb61a7ea26d33ded218cd1e59d,3YQKmKGau1PzlVlkL1iodx,https://open.spotify.com/artist/3YQKmKGau1PzlVlkL1iodx,"40,087,033",Support,,,
A029,The Goo Goo Dolls,Rock,pop-rock,False,,"Buffalo, New York, US","American band known for melodic, radio-friendly pop-rock.",https://i.scdn.co/image/ab6761610000e5ebe7b66b8c4ba729848574df7a,2sil8z5kiy4r76CRTXxBCA,https://open.spotify.com/artist/2sil8z5kiy4r76CRTXxBCA,"39,535,874",Support,,,
A030,Gracie Abrams,Pop,"pop, bedroom pop",False,,"Los Angeles, California, US","American singer-songwriter known for confessional, diary-style pop.",https://i.scdn.co/image/ab6761610000e5eb18e3675ebfda9c29cfb2b57e,4tuJ0bMpJh08umKkEXKUI5,https://open.spotify.com/artist/4tuJ0bMpJh08umKkEXKUI5,"36,395,403",Support,,,
A031,BTS,Pop,k-pop,True,K-pop -> global pop crossover,"Seoul, South Korea","South Korean boy band and one of the best-selling groups worldwide, blending pop, hip-hop and R&B.",https://i.scdn.co/image/ab6761610000e5ebf80ec63ea7a0ef0fba60957d,3Nrfpe0tUJi4K4DXYWgMUX,https://open.spotify.com/artist/3Nrfpe0tUJi4K4DXYWgMUX,"35,402,908",Support,,,
A032,Paramore,Rock,"pop-punk, alternative rock",False,,"Franklin, Tennessee, US",American rock band that evolved from 2000s pop-punk into a more genre-fluid alt-rock sound.,https://i.scdn.co/image/ab6761610000e5ebb10c34546a4ca2d7faeb8865,74XFHRwlV6OrjEM0A2NCMF,https://open.spotify.com/artist/74XFHRwlV6OrjEM0A2NCMF,"33,615,128",Support,,,
A033,Vance Joy,Pop,indie folk-pop,False,,"Melbourne, Australia","Australian singer-songwriter known for breezy, acoustic-driven folk-pop.",https://i.scdn.co/image/ab6761610000e5eb4be87c6d504aa62024a87f48,10exVja0key0uqUkk6LJRT,https://open.spotify.com/artist/10exVja0key0uqUkk6LJRT,"32,224,317",Support,,,
A034,The Script,Rock,pop-rock,False,,"Dublin, Ireland","Irish band known for emotionally direct, radio-friendly pop-rock.",https://i.scdn.co/image/ab6761610000e5eb39cf57b090fcaefe756c91c3,3AQRLZ9PuTAozP28Skbq8V,https://open.spotify.com/artist/3AQRLZ9PuTAozP28Skbq8V,"31,801,153",Support,,,
A035,Noah Kahan,Pop,folk-pop,False,,"Strafford, Vermont, US",American singer-songwriter known for New-England-inflected folk-pop.,https://i.scdn.co/image/ab6761610000e5eb5b141d30d14fb78458dac5ce,2RQXRUsr4IW1f3mKyKsy4B,https://open.spotify.com/artist/2RQXRUsr4IW1f3mKyKsy4B,"31,252,631",Support,,,
A036,Chappell Roan,Pop,"glam-pop, synth-pop",False,,"Willard, Missouri, US","American pop artist known for theatrical, drag-inspired glam-pop performances.",https://i.scdn.co/image/ab6761610000e5ebd258ecb0d66244e6300bcf64,7GlBOeep6PqTfFi59PTUUN,https://open.spotify.com/artist/7GlBOeep6PqTfFi59PTUUN,"30,682,528",Support,,,
A037,Charli xcx,Pop,"pop, hyperpop-adjacent",False,,"Cambridge, England","English pop artist known for boundary-pushing, club-influenced pop.",https://i.scdn.co/image/ab6761610000e5eb6fa76436a2bba83b9f1d6fd1,25uiPmTg16RbhZWAqwLBy5,https://open.spotify.com/artist/25uiPmTg16RbhZWAqwLBy5,"29,728,742",Support,,,
A038,Cigarettes After Sex,Rock,dream pop,False,,"El Paso, Texas, US","American band known for hazy, whispered dream-pop soundscapes.",https://i.scdn.co/image/ab6761610000e5eb2e08fd554de35c3ef1db7fd9,1QAJqy2dA3ihHBFIHRphZj,https://open.spotify.com/artist/1QAJqy2dA3ihHBFIHRphZj,"29,676,359",Support,,,
A039,Backstreet Boys,Pop,pop,False,,"Orlando, Florida, US",American vocal group and one of the best-selling boy bands in history.,https://i.scdn.co/image/ab6761610000e5eb7b3634864a78ab6bd1d77c36,5rSXSAkZ67PYJSvpUpkOr7,https://open.spotify.com/artist/5rSXSAkZ67PYJSvpUpkOr7,"29,635,952",Support,,,
A040,Ava Max,Pop,dance-pop,False,,"Milwaukee, Wisconsin, US","American singer known for punchy, 2000s-influenced dance-pop.",https://i.scdn.co/image/ab6761610000e5ebd8fa717584b01690e3919e32,4npEfmQ6YuiwW1GpUmaq3F,https://open.spotify.com/artist/4npEfmQ6YuiwW1GpUmaq3F,"29,066,277",Support,,,
A041,Glass Animals,Pop,"indie pop, electronic-rock",False,,"Oxford, England",English band blending indie pop with electronic textures and psychedelic production.,https://i.scdn.co/image/ab6761610000e5ebeb2cc96b0ed023c5e3675b6f,4yvcSjfu4PC0CYQyLy4wSq,https://open.spotify.com/artist/4yvcSjfu4PC0CYQyLy4wSq,"27,542,218",Support,,,
A042,Fall Out Boy,Rock,"pop-punk, alternative rock",False,,"Wilmette, Illinois, US",American band central to the 2000s pop-punk/emo scene.,https://i.scdn.co/image/ab6761610000e5eb362011ebe6064c38e97e9aac,4UXqAaa6dQYAk18Lv7PEgX,https://open.spotify.com/artist/4UXqAaa6dQYAk18Lv7PEgX,"25,620,461",Support,,,
A043,ZAYN,Pop,"pop, R&B-pop",False,,"Bradford, England","English singer known for moody, R&B-inflected pop as a former One Direction member.",https://i.scdn.co/image/ab6761610000e5eb830845d2fa6c5c7874176951,5ZsFI1h6hIdQRw2ti0hz81,https://open.spotify.com/artist/5ZsFI1h6hIdQRw2ti0hz81,"25,648,667",Support,,,
A044,Lorde,Pop,"art-pop, alt-pop",False,,"Auckland, New Zealand","New Zealand singer-songwriter known for minimalist, introspective art-pop.",https://i.scdn.co/image/ab6761610000e5eb678a3a4bc2d8a84074f22c71,163tK9Wjr9P9DmM0AVK7lm,https://open.spotify.com/artist/163tK9Wjr9P9DmM0AVK7lm,"25,990,711",Support,,,
A045,Panic! At The Disco,Rock,"pop-rock, baroque pop",False,,"Las Vegas, Nevada, US","American project known for theatrical, genre-hopping pop-rock.",https://i.scdn.co/image/ab6761610000e5ebb256ae9a4b82bfff97776ae2,20JZFwl6HVl6yg8a4H3ZqK,https://open.spotify.com/artist/20JZFwl6HVl6yg8a4H3ZqK,"25,191,378",Support,,,
A046,Lewis Capaldi,Pop,pop,False,,"Glasgow/Bathgate, Scotland","Scottish singer-songwriter known for emotionally raw, piano-driven pop.",https://i.scdn.co/image/ab6761610000e5ebdc9e707b0d0e591e08d3f549,4GNC7GD6oZMSxPGyXy4MNB,https://open.spotify.com/artist/4GNC7GD6oZMSxPGyXy4MNB,"23,822,897",Support,,,
A047,Maneskin,Rock,"glam rock, pop-rock",False,,"Rome, Italy",Italian rock band known for flamboyant glam-rock energy.,https://i.scdn.co/image/ab6761610000e5eb46d0db8a86fda630ec12401f,0lAWpj5szCSwM4rUMHYmrr,https://open.spotify.com/artist/0lAWpj5szCSwM4rUMHYmrr,"23,918,830",Support,,,
A048,Keane,Rock,pop-rock,False,,"Battle, England","English band known for piano-led, melodic pop-rock.",https://i.scdn.co/image/ab6761610000e5eb41ad42c0fd1dabe8db013a7a,53A0W3U0s8diEn9RhXQhVz,https://open.spotify.com/artist/53A0W3U0s8diEn9RhXQhVz,"23,158,037",Support,,,
A049,Weezer,Rock,"alt-rock, pop-rock",False,,"Los Angeles, California, US",American band known for hook-heavy alternative/pop-rock.,https://i.scdn.co/image/ab6761610000e5ebd0d06f3b5f3cb05fc657f12c,3jOstUTkEu2JkjvRdBA5Gu,https://open.spotify.com/artist/3jOstUTkEu2JkjvRdBA5Gu,"23,067,547",Support,,,
A050,Carly Rae Jepsen,Pop,dance-pop,False,,"Mission, British Columbia, Canada","Canadian singer known for effervescent, hook-driven dance-pop.",https://i.scdn.co/image/ab6761610000e5eb55e3a8d4fe7f0053fffca258,6sFIWsNpZYqfjUpaCgueju,https://open.spotify.com/artist/6sFIWsNpZYqfjUpaCgueju,"22,554,590",Support,,,
A051,beabadoobee,Rock,"indie pop, indie rock",False,,"London, England (born Philippines)",Filipino-British singer-songwriter blending 90s indie rock with dream pop.,https://i.scdn.co/image/ab6761610000e5ebf40305a6273b3e0a514cc8da,35l9BRT7MXmM8bv2WDQiyB,https://open.spotify.com/artist/35l9BRT7MXmM8bv2WDQiyB,"24,739,405",Support,,,
A052,Lola Young,Pop,"pop, neo-soul",False,,"Croydon, London, England","English singer known for raw, soul-inflected pop vocals.",https://i.scdn.co/image/ab6761610000e5ebb9fb07d9832af024020defac,67FB4n52MgexGQIG8s0yUH,https://open.spotify.com/artist/67FB4n52MgexGQIG8s0yUH,"22,480,624",Support,,,
A053,Foo Fighters,Rock,alternative rock,False,,"Seattle, Washington, US","American rock band led by Dave Grohl, known for anthemic alternative rock.",https://i.scdn.co/image/ab6761610000e5eb1db35bc9c01d2b1c151e44ce,7jy3rLJdDQY21OgRLCZ9sD,https://open.spotify.com/artist/7jy3rLJdDQY21OgRLCZ9sD,"22,093,109",Support,,,
A054,The Killers,Rock,"rock, pop-rock",False,,"Las Vegas, Nevada, US","American band known for synth-driven, arena-scale rock anthems.",https://i.scdn.co/image/ab6761610000e5eb207b21f3ed0ee96adce3166a,0C0XlULifJtAgn6ZNCW2eu,https://open.spotify.com/artist/0C0XlULifJtAgn6ZNCW2eu,"36,612,402",Support,,,
A055,Bon Jovi,Rock,"rock, arena rock",False,,"Sayreville, New Jersey, US","American rock band known for anthemic, radio-dominating arena rock.",,58lV9VcRSjABbAbfWS6skp,https://open.spotify.com/artist/58lV9VcRSjABbAbfWS6skp,"34,116,784",Support,,,
A056,Djo,Pop,"psych-pop, indie pop",False,,United States,"Solo project of actor-musician Joe Keery, blending psychedelic textures with pop hooks.",https://i.scdn.co/image/ab6761610000e5eb4113d395582d3667b7978430,5p9HO3XC5P3BLxJs5Mtrhm,https://open.spotify.com/artist/5p9HO3XC5P3BLxJs5Mtrhm,"36,160,118",Support,,,
A057,The Marias,Pop,dream pop,False,,"Los Angeles, California, US","American band known for lush, Spanish/English bilingual dream pop.",https://i.scdn.co/image/ab6761610000e5ebaf586afa2b397f1288683a76,2sSGPbdZJkaSE2AbcGOACx,https://open.spotify.com/artist/2sSGPbdZJkaSE2AbcGOACx,"32,171,003",Support,,,
A058,Kings of Leon,Rock,"rock, southern rock",False,,"Nashville, Tennessee, US",American band known for anthemic Southern-inflected rock.,https://i.scdn.co/image/ab6761610000e5eb5e97fb0c8918ed67408f9edc,2qk9voo8llSGYcZ6xrBzKx,https://open.spotify.com/artist/2qk9voo8llSGYcZ6xrBzKx,"26,159,171",Support,,,
A059,The Cure,Rock,"post-punk, alternative rock",False,,"Crawley, England",English band foundational to post-punk and alternative rock.,https://i.scdn.co/image/ab6761610000e5ebdd427c765c409ec02dc3a868,7bu3H8JO7d0UbMoVzbo70s,https://open.spotify.com/artist/7bu3H8JO7d0UbMoVzbo70s,"25,770,661",Support,,,
A060,blink-182,Rock,pop-punk,False,,"San Diego, California, US",American band central to defining mainstream pop-punk.,,6FBDaR13swtiWwGhX1WQsP,https://open.spotify.com/artist/6FBDaR13swtiWwGhX1WQsP,"20,336,534",Rising,,,
A061,Bastille,Rock,"synth-pop, pop-rock",False,,"London, England",English band blending synth-pop with anthemic rock production.,,7EQ0qTo7fWT7DPxmxtSYEc,https://open.spotify.com/artist/7EQ0qTo7fWT7DPxmxtSYEc,"22,192,382",Rising,,,
A062,Conan Gray,Pop,pop,False,,"Denton, Texas, US","American singer-songwriter known for diaristic, nostalgic pop.",,4Uc8Dsxct0oMqx0P6i60ea,https://open.spotify.com/artist/4Uc8Dsxct0oMqx0P6i60ea,"20,878,996",Rising,,,
A063,Laufey,Pop,jazz-pop,False,,"Reykjavik, Iceland",Icelandic-Chinese singer blending jazz standards with modern pop songwriting.,,7gW0r5CkdEUMm42w9XpyZO,https://open.spotify.com/artist/7gW0r5CkdEUMm42w9XpyZO,"21,514,587",Rising,,,
A064,MGMT,Rock,"indie pop, psychedelic pop",False,,"Middletown, Connecticut, US",American duo known for psychedelic indie pop.,,0SwO7SWeDHJijQ3XNS7xEE,https://open.spotify.com/artist/0SwO7SWeDHJijQ3XNS7xEE,"21,820,100",Rising,,,
A065,5 Seconds of Summer,Rock,pop-rock,False,,"Sydney, Australia",Australian band known for radio pop-rock.,,5Rl15oVamLq7FbSb0NNBNy,https://open.spotify.com/artist/5Rl15oVamLq7FbSb0NNBNy,"19,906,178",Rising,,,
A066,Mitski,Rock,indie rock,False,,"New York, US (raised internationally)",American indie rock artist known for emotionally intense songwriting.,,2uYWxilOVlUdk4oV9DvwqK,https://open.spotify.com/artist/2uYWxilOVlUdk4oV9DvwqK,"19,678,461",Rising,,,
A067,The 1975,Rock,"pop-rock, indie rock",False,,"Manchester, England",English band known for genre-blending pop-rock with 80s-influenced production.,,3mIj9lX2MWuHmhNCA7LSCW,https://open.spotify.com/artist/3mIj9lX2MWuHmhNCA7LSCW,"18,893,308",Rising,,,
A068,Clairo,Pop,"indie pop, bedroom pop",False,,"Boston/Carlisle, Massachusetts, US","American singer-songwriter known for lo-fi, bedroom-pop beginnings.",,3l0CmX0FuQjFxr8SK7Vqag,https://open.spotify.com/artist/3l0CmX0FuQjFxr8SK7Vqag,"18,949,110",Rising,,,
A069,My Chemical Romance,Rock,"pop-punk, alternative rock",False,,"Newark, New Jersey, US",American band central to 2000s emo/pop-punk.,,7FBcuc1gsnv6Y1nwFtNRCb,https://open.spotify.com/artist/7FBcuc1gsnv6Y1nwFtNRCb,"18,393,751",Rising,,,
A070,Rex Orange County,Pop,indie pop,False,,"Haslemere, England","English singer-songwriter known for jazzy, DIY indie pop.",,7pbDxGE6nQSZVfiFdq9lOL,https://open.spotify.com/artist/7pbDxGE6nQSZVfiFdq9lOL,"18,369,041",Rising,,,
A071,Milky Chance,Pop,indie folk-pop,False,,"Kassel, Germany",German duo known for acoustic-electronic folk-pop.,,1hzfo8twXdOegF3xireCYs,https://open.spotify.com/artist/1hzfo8twXdOegF3xireCYs,"18,273,241",Rising,,,
A072,Troye Sivan,Pop,"synth-pop, dance-pop",False,,"Perth, Australia",Australian singer-actor known for glossy synth-pop.,,3WGpXCj9YhhfX11TToZcXP,https://open.spotify.com/artist/3WGpXCj9YhhfX11TToZcXP,"18,101,124",Rising,,,
A073,d4vd,Pop,indie pop,False,,"Long Island, New York, US","American singer known for viral, genre-blending indie pop.",,5y8tKLUfMvliMe8IKamR32,https://open.spotify.com/artist/5y8tKLUfMvliMe8IKamR32,"18,137,538",Rising,,,
A074,Kacey Musgraves,Pop,"country-pop, pop",True,Country -> Pop crossover,"Golden, Texas, US",American singer-songwriter who has moved between traditional country and pop-leaning production.,,70kkdajctXSbqSMJbQO424,https://open.spotify.com/artist/70kkdajctXSbqSMJbQO424,"17,535,432",Rising,,,
A075,Stephen Sanchez,Pop,"pop, rock-and-roll revival",False,,"Patterson, California, US",American singer known for 50s rock-and-roll-influenced pop.,,5XKFrudbV4IiuE5WuTPRmT,https://open.spotify.com/artist/5XKFrudbV4IiuE5WuTPRmT,"17,623,873",Rising,,,
A076,The Strokes,Rock,indie rock,False,,"New York City, US",American band foundational to the 2000s indie-rock revival.,,0epOFNiUfyON9EYx7Tpr6V,https://open.spotify.com/artist/0epOFNiUfyON9EYx7Tpr6V,"16,947,227",Rising,,,
A077,WILLOW,Pop,"alt-pop, indie rock",False,,"Los Angeles, California, US",American artist known for genre-fluid alt-pop and pop-punk revival work.,,3rWZHrfrsPBxVy692yAIxF,https://open.spotify.com/artist/3rWZHrfrsPBxVy692yAIxF,"16,837,973",Rising,,,
A078,AURORA,Pop,alt-pop,False,,"Bergen/Os, Norway","Norwegian singer-songwriter known for ethereal, folklore-inspired alt-pop.",,1WgXqy2Dd70QQOU7Ay074N,https://open.spotify.com/artist/1WgXqy2Dd70QQOU7Ay074N,"16,169,119",Rising,,,
A079,Cage The Elephant,Rock,alternative rock,False,,"Bowling Green, Kentucky, US",American band known for genre-blending alternative rock.,,26T3LtbuGT1Fu9m0eRq5X3,https://open.spotify.com/artist/26T3LtbuGT1Fu9m0eRq5X3,"16,053,503",Rising,,,
A080,WALK THE MOON,Rock,indie pop-rock,False,,"Cincinnati, Ohio, US",American band known for anthemic indie pop-rock.,,6DIS6PRrLS3wbnZsf7vYic,https://open.spotify.com/artist/6DIS6PRrLS3wbnZsf7vYic,"16,030,097",Rising,,,
A081,Portugal. The Man,Rock,"indie rock, psychedelic pop",False,,"Wasilla, Alaska, US",American band blending psychedelic textures with indie rock hooks.,,4kI8Ie27vjvonwaB2ePh8T,https://open.spotify.com/artist/4kI8Ie27vjvonwaB2ePh8T,"15,675,534",Rising,,,
A082,Gigi Perez,Pop,indie pop,False,,"Fort Myers, Florida, US",American singer-songwriter known for emotionally direct indie pop.,,1iCnM8foFssWlPRLfAbIwo,https://open.spotify.com/artist/1iCnM8foFssWlPRLfAbIwo,"28,269,419",Rising,,,
A083,Foster The People,Rock,indie pop-rock,False,,"Los Angeles, California, US","American band known for breezy, hook-driven indie pop-rock.",,7gP3bB2nilZXLfPHJhMdvc,https://open.spotify.com/artist/7gP3bB2nilZXLfPHJhMdvc,"19,464,962",Rising,,,
A084,The Offspring,Rock,punk rock,False,,"Garden Grove, California, US",American band central to 90s mainstream punk rock.,,5LfGQac0EIXyAN8aUwmNAQ,https://open.spotify.com/artist/5LfGQac0EIXyAN8aUwmNAQ,"21,818,494",Rising,,,
A085,Sam Fender,Rock,indie rock,False,,"North Shields, England","English singer-songwriter known for anthemic, working-class indie rock.",,6zlR5ttMfMNmwf2lecU9Cc,https://open.spotify.com/artist/6zlR5ttMfMNmwf2lecU9Cc,"17,292,564",Rising,,,
