artist_name,track_name,spotify_track_url,streams
Billie Eilish,lovely (with Khalid),https://open.spotify.com/track/0u2P5u6lvoDfwTYjAADbn4,3778873778
Billie Eilish,BIRDS OF A FEATHER,https://open.spotify.com/track/6dOtVTDdiauQNBQEDOtlAB,3765201881
Billie Eilish,bad guy,https://open.spotify.com/track/2Fxmhks0bxGSBdJ92vM42m,2930225000
Billie Eilish,when the party's over,https://open.spotify.com/track/43zdsphuZLzwA9k4DJhU0I,2506642506
Billie Eilish,ocean eyes,https://open.spotify.com/track/2uIX8YMNjGMD7441kqyyNU,2217295116
Billie Eilish,everything i wanted,https://open.spotify.com/track/3ZCTVFBt2Brf31RLEnCkWJ,2126030182
Billie Eilish,WILDFLOWER,https://open.spotify.com/track/3QaPy1KgI7nu9FJEQUgn6h,2101501908
Billie Eilish,Happier Than Ever,https://open.spotify.com/track/4RVwu0g32PAqgUiJoXsdF8,1858872477
Billie Eilish,"What Was I Made For? [From The Motion Picture ""Barbie""]",https://open.spotify.com/track/6wf7Yu7cxBSPrRlWeSeK0Q,1621160565
Billie Eilish,idontwannabeyouanymore,https://open.spotify.com/track/40T5GIqQ1CegGm2PTEl8Bu,1374928536
Olivia Rodrigo,drivers license,https://open.spotify.com/track/5wANPM4fQCJwkGd4rN57mH,2844516329
Olivia Rodrigo,good 4 u,https://open.spotify.com/track/4ZtFanR9U6ndgddUvNcjcG,2649185378
Olivia Rodrigo,traitor,https://open.spotify.com/track/5CZ40GBx1sQ9agT82CLQCT,2328624433
Olivia Rodrigo,deja vu,https://open.spotify.com/track/6HU7h9RYOaPRFeh0R3UeAr,2283890960
Olivia Rodrigo,vampire,https://open.spotify.com/track/1kuGVB7EU95pJObxwvfwKS,1648107619
Olivia Rodrigo,happier,https://open.spotify.com/track/2tGvwE8GcFKwNdAXMnlbfl,1642481180
Olivia Rodrigo,favorite crime,https://open.spotify.com/track/5JCoSi02qi3jJeHdZXMmR8,1540102954
Olivia Rodrigo,"jealousy, jealousy",https://open.spotify.com/track/0MMyJUC3WNnFS1lit5pTjk,1263234611
Olivia Rodrigo,"All I Want - From ""High School Musical: The Musical: The Series""",https://open.spotify.com/track/4Yxc55NX3tAXC2mHRAhtcW,1151383940
Olivia Rodrigo,brutal,https://open.spotify.com/track/6SRsiMl7w1USE4mFqrOhHC,838195837
Post Malone,Sunflower - Spider-Man: Into the Spider-Verse,https://open.spotify.com/track/0RiRZpuVRbi7oqRdSMwhQY,4331676913
Post Malone,rockstar (feat. 21 Savage),https://open.spotify.com/track/0e7ipj03S05BNilyu5bRzt,3420228367
Post Malone,Circles,https://open.spotify.com/track/21jGcNKet2qwijlDFuPiPb,3215904057
Post Malone,Congratulations,https://open.spotify.com/track/3a1lNhkSLSkpJE4MSHpDu9,2359308296
Post Malone,Better Now,https://open.spotify.com/track/7dt6x5M1jzdTEt8oCbisTK,2289682954
Post Malone,Wow.,https://open.spotify.com/track/7xQAfvXzm3AkraOtGPWIZg,1943427612
Post Malone,I Fall Apart,https://open.spotify.com/track/75ZvA4QfFiZvzhj2xkaWAh,1831385856
Post Malone,Psycho (feat. Ty Dolla $ign),https://open.spotify.com/track/3swc6WTsr7rl9DqQKQA55C,1709374948
Post Malone,I Had Some Help (Feat. Morgan Wallen),https://open.spotify.com/track/5IZXB5IKAD2qlvTPJYDCFB,1548739203
Post Malone,Goodbyes (feat. Young Thug),https://open.spotify.com/track/0t3ZvGKlmYmVsDzBJAXK8C,1479885588
Doja Cat,Kiss Me More (feat. SZA),https://open.spotify.com/track/3DarAbFujv6eYNliUTyqtz,2435061428
Doja Cat,Woman,https://open.spotify.com/track/6Uj1ctrBOjOas8xZXGqKk4,2184315523
Doja Cat,Streets,https://open.spotify.com/track/60ynsPSSKe6O3sfwRnIBRf,1599823647
Doja Cat,Paint The Town Red,https://open.spotify.com/track/56y1jOTK0XSvJzVv9vHQBK,1579848022
Doja Cat,Need to Know,https://open.spotify.com/track/3Vi5XqYrmQgOYBajMWSvCi,1474051061
Doja Cat,Say So,https://open.spotify.com/track/3Dv1eDb0MEgF93GpLXlucZ,1418005686
Doja Cat,You Right,https://open.spotify.com/track/0k4d5YPDr1r7FX77VdqWez,1128646304
Doja Cat,Boss Bitch,https://open.spotify.com/track/78qd8dvwea0Gosb6Fe6j3k,1070167766
Doja Cat,I Like You (A Happier Song) (with Doja Cat),https://open.spotify.com/track/0O6u0VJ46W86TxN9wgyqDj,1044651192
Doja Cat,Agora Hills,https://open.spotify.com/track/5PyDJG7SQRgWXefgexqIge,964556671
Imagine Dragons,Believer,https://open.spotify.com/track/0pqnGHJpmpxLKifKRmU6WP,3880018197
Imagine Dragons,Demons,https://open.spotify.com/track/5VC29kHMkzcaorzPKUqJbl,3061442862
Imagine Dragons,Thunder,https://open.spotify.com/track/1zB4vmk8tFRmM9UULNzbLB,3045872231
Imagine Dragons,Radioactive,https://open.spotify.com/track/1PzoM54jr13a5eUfCycMKc,2339792850
Imagine Dragons,Enemy (with JID) - from the series Arcane League of Legends,https://open.spotify.com/track/3CIyK1V4JEJkg02E4EJnDl,2010078654
Imagine Dragons,Bones,https://open.spotify.com/track/54ipXppHLA8U4yqpOFTUhr,1815520814
Imagine Dragons,Whatever It Takes,https://open.spotify.com/track/6Qn5zhYkTa37e91HC1D7lb,1716126891
Imagine Dragons,Natural,https://open.spotify.com/track/2FY7b99s15jUprqC0M5NCT,1580695140
Imagine Dragons,Bad Liar,https://open.spotify.com/track/2RSHsoi04658QL5xgQVov3,1407692458
Imagine Dragons,"Sucker for Pain (with Wiz Khalifa, Imagine Dragons, Logic & Ty Dolla $ign feat. X Ambassadors)",https://open.spotify.com/track/4dASQiO1Eoo3RJvt74FtXB,1343754132
Bruno Mars,Die With A Smile,https://open.spotify.com/track/7so0lgd0zP2Sbgs2d7a1SZ,3774117178
Bruno Mars,Just the Way You Are,https://open.spotify.com/track/47Slg6LuqLaX0VodpSCvPt,3336189308
Bruno Mars,Locked out of Heaven,https://open.spotify.com/track/3w3y8KPTfNeOKPiqUTakBh,3319785260
Bruno Mars,That's What I Like,https://open.spotify.com/track/0KKkJNfGyhkQ5aFogxQAPU,3266388487
Bruno Mars,When I Was Your Man,https://open.spotify.com/track/0nJW01T7XtvILxQgC5J7Wh,3193047552
Bruno Mars,Uptown Funk (feat. Bruno Mars),https://open.spotify.com/track/32OlwWuMpZ6b0aN2RZOeMS,2694097696
Bruno Mars,APT.,https://open.spotify.com/track/4wJ5Qq0jBN4ajy7ouZIV1c,2509689341
Bruno Mars,Talking to the Moon,https://open.spotify.com/track/1wVuPmvt6AWvTL5W2GJnzZ,2155986207
Bruno Mars,Grenade,https://open.spotify.com/track/4lLtanYk6tkMvooU0tWzG8,1975324769
Bruno Mars,24K Magic,https://open.spotify.com/track/6b8Be6ljOzmkOmFslEb23P,1966405368
Justin Bieber,STAY (with Justin Bieber),https://open.spotify.com/track/567e29TDzLwZwfDuEpGTwo,3944610738
Justin Bieber,Love Yourself,https://open.spotify.com/track/50kpGaPAhYJ3sGmk6vplg0,3234634493
Justin Bieber,Let Me Love You,https://open.spotify.com/track/5tYmB7KIvnmYjhnF7Pc2XC,3069583566
Justin Bieber,Sorry,https://open.spotify.com/track/1KtogTnUKQzEKdF0ymAfnf,2942062033
Justin Bieber,bad guy,https://open.spotify.com/track/5gnoWpxEVvgto15L5p3TdL,2926780528
Justin Bieber,Ghost,https://open.spotify.com/track/6I3mqTwhRpn34SLVafSH7G,2292940830
Justin Bieber,I Don't Care,https://open.spotify.com/track/6hvRoJ0BTZywxu8UCPBkzx,2186366041
Justin Bieber,What Do You Mean?,https://open.spotify.com/track/4B0JvthVoAAuygILe3n4Bs,2142826847
Justin Bieber,Peaches (feat. Daniel Caesar & Giveon),https://open.spotify.com/track/4iJyoBOLtHqaGxP12qzhQI,1963781723
Justin Bieber,Despacito - Remix,https://open.spotify.com/track/6WDjysbC7qTBIfAvDAVP5H,1899789019
Sabrina Carpenter,Espresso,https://open.spotify.com/track/2LU2CYKUZUc1iAErxJb1dK,2997710709
Sabrina Carpenter,Please Please Please,https://open.spotify.com/track/2OyX4SHk1oVRBP2dBOqRqC,1882177104
Sabrina Carpenter,Nonsense,https://open.spotify.com/track/6jSQ6c7OkA4ExGWM61uYcS,1566677754
Sabrina Carpenter,Taste,https://open.spotify.com/track/0lTDxglypMd8e8Q5hnmDnI,1484994818
Sabrina Carpenter,Feather,https://open.spotify.com/track/2Zo1PcszsT9WQ0ANntJbID,1117574505
Sabrina Carpenter,Manchild,https://open.spotify.com/track/42UBPzRMh5yyz0EDPr6fr1,948419518
Sabrina Carpenter,On My Way,https://open.spotify.com/track/4n7jnSxVLd8QioibtTDBDq,906947828
Sabrina Carpenter,Bed Chem,https://open.spotify.com/track/0NtuiQlHqh0iVYUIMLEHi4,835455046
Sabrina Carpenter,Juno,https://open.spotify.com/track/0w1qp04v2zehJXctW0JPjy,672185192
Sabrina Carpenter,because i liked a boy,https://open.spotify.com/track/1Y7qOCA4FMQlxJjpekw8X0,514510823
Bad Bunny,LA CANCIÓN,https://open.spotify.com/track/0fea68AdmYNygeTGI4RC18,2634673440
Bad Bunny,DÁKITI,https://open.spotify.com/track/4MzXwWMhyBbmu6hOcLVD49,2515517000
Bad Bunny,Me Porto Bonito,https://open.spotify.com/track/6Sq7ltF9Qa7SNFBsV5Cogx,2305928556
Bad Bunny,Tití Me Preguntó,https://open.spotify.com/track/1IHWl5LamUGEuP4ozKQSXZ,2277852065
Bad Bunny,DtMF,https://open.spotify.com/track/3sK8wGT43QFpWrvNQsrQya,1989283836
Bad Bunny,Ojitos Lindos,https://open.spotify.com/track/3k3NWokhRRkEPhCzPmV8TW,1978804377
Bad Bunny,I Like It,https://open.spotify.com/track/285jK9VYQKmijjcrjD4CRa,1934159510
Bad Bunny,Callaita,https://open.spotify.com/track/71wFwRo8xGc4lrcyKwsvba,1865471948
Bad Bunny,No Me Conoce - Remix,https://open.spotify.com/track/6Mgg57b5K2uwIwuTRuaBWE,1854460548
Bad Bunny,Efecto,https://open.spotify.com/track/5Eax0qFko2dh7Rl2lYs3bx,1696730458
Drake,One Dance,https://open.spotify.com/track/1zi7xx7UVEFkmKfv06H8x0,4317333487
Drake,God's Plan,https://open.spotify.com/track/6DCZcSspjsKoFjzjrWoCdn,3107427441
Drake,Passionfruit,https://open.spotify.com/track/5mCPDVBb16L4XQwDdbRUpz,2289389589
Drake,Work,https://open.spotify.com/track/72TFWvU3wUYdUuxejTTIzt,1720623716
Drake,Hotline Bling,https://open.spotify.com/track/0wwPcA6wtMf6HUMpIRdeP7,1701297908
Drake,MIA (feat. Drake),https://open.spotify.com/track/3Ueq2zboxwAbsvHrOjdEqz,1590641231
Drake,In My Feelings,https://open.spotify.com/track/2G7V7zsVDxg1yRsu7Ew9RJ,1531962648
Drake,Nice For What,https://open.spotify.com/track/3CA9pLiwRIGtUBiMjbZmRw,1506504267
Drake,Life Is Good (feat. Drake),https://open.spotify.com/track/5yY9lUy8nbvjM1Uyo1Uqoc,1485108191
Drake,Love Me,https://open.spotify.com/track/2XHzzp1j4IfTNp1FTn7YFg,1477538396
Coldplay,Yellow,https://open.spotify.com/track/3AJwUDP919kvQ9QcozQPxg,3808075923
Coldplay,Something Just Like This,https://open.spotify.com/track/6RUKPb4LETWmmr3iAEQktW,3665939497
Coldplay,Viva La Vida,https://open.spotify.com/track/2LnmFzNEQ2N79WVCWQzKwz,3369052621
Coldplay,The Scientist,https://open.spotify.com/track/75JFxkI2RXiU7L9VXzMkle,2890531663
Coldplay,A Sky Full of Stars,https://open.spotify.com/track/0FDzzruyVECATHXKHFs9eJ,2370073457
Coldplay,Fix You,https://open.spotify.com/track/7LVHVU3tWfcxj5aiPFEW4Q,2140243184
Coldplay,Sparks,https://open.spotify.com/track/7D0RhFcb3CrfPuTJ0obrod,2106445116
Coldplay,Hymn for the Weekend,https://open.spotify.com/track/3RiPr603aXAoi4GHyXx0uy,1962666690
Coldplay,Paradise,https://open.spotify.com/track/6nek1Nin9q48AVZcWs9e9D,1890875187
Coldplay,Adventure of a Lifetime,https://open.spotify.com/track/69uxyAqqPIsUyTO8txoP2M,1618287518
Ed Sheeran,Shape of You,https://open.spotify.com/track/7qiZfU4dY1lWllzX7mPBI3,4951736645
Ed Sheeran,Perfect,https://open.spotify.com/track/0tgVpDi06FyKpA1z0VMD4v,3988867481
Ed Sheeran,Photograph,https://open.spotify.com/track/3FSPaBp49Clqq2p4zc9dbA,3446423673
Ed Sheeran,Thinking out Loud,https://open.spotify.com/track/0k4nrrCsMr0Tao5WvQ8Osq,3139241673
Ed Sheeran,I Don't Care,https://open.spotify.com/track/6hvRoJ0BTZywxu8UCPBkzx,2192294570
Ed Sheeran,Bad Habits,https://open.spotify.com/track/6ex1Pz3pntgy4NPtxHXN2V,2168687438
Ed Sheeran,Shivers,https://open.spotify.com/track/3xWGA8pa0IKFI7IMPri4P0,2070538201
Ed Sheeran,Galway Girl,https://open.spotify.com/track/0afhq8XCExXpqazXczTSve,1607140898
Ed Sheeran,Castle on the Hill,https://open.spotify.com/track/6PCUP3dWmTjcTtXY02oFdT,1605939693
Ed Sheeran,Beautiful People (feat. Khalid),https://open.spotify.com/track/3evgoUk0aHc6TIOoyoB6Gl,1558138836
Dua Lipa,Don't Start Now,https://open.spotify.com/track/2ThsBNtjuUEERqcpXQEoYR,3278387896
Dua Lipa,Cold Heart - PNAU Remix,https://open.spotify.com/track/7rglLriMNBPAyuJOMGwi39,2765686514
Dua Lipa,One Kiss,https://open.spotify.com/track/6Q3uDgXHhFFkbXuPPBjITF,2742930237
Dua Lipa,Levitating (feat. DaBaby),https://open.spotify.com/track/49gruEYzuJZoy4R2q5xVlT,2631284845
Dua Lipa,New Rules,https://open.spotify.com/track/2xJCMIJfcNYDc5iR0sAm2O,2591202427
Dua Lipa,IDGAF,https://open.spotify.com/track/746hm0IRjLQutGAFVlu4aI,1882633846
Dua Lipa,No Lie (feat. Dua Lipa),https://open.spotify.com/track/0oyerlRFRBPfftn5K4kXeY,1816254634
Dua Lipa,Scared to Be Lonely,https://open.spotify.com/track/5FIgMDpiqbRA5GNr856M5i,1529708333
Dua Lipa,Break My Heart,https://open.spotify.com/track/5YDD6DuZ04mKQtm0avJTJd,1511868960
Dua Lipa,Dance The Night - From Barbie The Album,https://open.spotify.com/track/4HZdx7jw89qRLp1PXsG0qF,1346672160
Harry Styles,As It Was,https://open.spotify.com/track/4Dvkj6JhhA12EX05fT7y2e,4449375500
Harry Styles,Watermelon Sugar,https://open.spotify.com/track/6UelLqGlWMcVH1E5c4H7lY,3306371381
Harry Styles,Sign of the Times,https://open.spotify.com/track/5Ohxk2dO5COHF1krpoPigN,2234483026
Harry Styles,Adore You,https://open.spotify.com/track/3jjujdWJ72nww5eGnfs2E7,2102523414
Harry Styles,Falling,https://open.spotify.com/track/1ZMiCix7XSAbfAJlEZWMCp,1575849257
Harry Styles,Late Night Talking,https://open.spotify.com/track/1qEmFfgcLObUfQm0j1W2CK,1188302920
Harry Styles,Golden,https://open.spotify.com/track/45S5WTQEGOB1VHr1Q4FuPl,1070506969
Harry Styles,Matilda,https://open.spotify.com/track/6uvh0In7u1Xn4HgxOfAn8O,788500593
Harry Styles,Lights Up,https://open.spotify.com/track/4jAIqgrPjKLTY9Gbez25Qb,750357185
Harry Styles,Fine Line,https://open.spotify.com/track/6VzcQuzTNTMFnJ6rBSaLH9,741031312
Arctic Monkeys,I Wanna Be Yours,https://open.spotify.com/track/5XeFesFbtLpXzIVDNQP22n,3782709951
Arctic Monkeys,Do I Wanna Know?,https://open.spotify.com/track/5FVd6KXrgO9B3JPmC8OPst,2984996208
Arctic Monkeys,505,https://open.spotify.com/track/58ge6dfP91o9oXMzq3XkIS,2828553866
Arctic Monkeys,Why'd You Only Call Me When You're High?,https://open.spotify.com/track/086myS9r57YsLbJpU0TgK9,2351709664
Arctic Monkeys,R U Mine?,https://open.spotify.com/track/2AT8iROs4FQueDv2c8q2KE,1383872115
Arctic Monkeys,Fluorescent Adolescent,https://open.spotify.com/track/7e8utCy2JlSB8dRHKi49xM,1178034353
Arctic Monkeys,No. 1 Party Anthem,https://open.spotify.com/track/5TTGoX70AFrTvuEtqHK37S,958772957
Arctic Monkeys,Snap Out Of It,https://open.spotify.com/track/0NdTUS4UiNYCNn5FgVqKQY,825838634
Arctic Monkeys,Arabella,https://open.spotify.com/track/7nzsY8vlnKdvGOEE0rjAXZ,720619849
Arctic Monkeys,I Bet You Look Good On The Dancefloor,https://open.spotify.com/track/3DQVgcqaP3iSMbaKsd57l5,558631890
JENNIE,"One Of The Girls (with JENNIE, Lily Rose Depp)",https://open.spotify.com/track/7CyPwkp0oE8Ro9Dd5CUDjW,2649130038
JENNIE,like JENNIE,https://open.spotify.com/track/6nWWuodRc3aJS7aLrflaqF,851934807
JENNIE,SOLO,https://open.spotify.com/track/2wVDWtLKXunswWecARNILj,782256050
JENNIE,Mantra,https://open.spotify.com/track/1LxKNQwwe3rRiJEemeBpKE,546229722
JENNIE,You & Me,https://open.spotify.com/track/6gcuJpHu0Ey30D5WR76y98,340157475
JENNIE,ExtraL (feat. Doechii),https://open.spotify.com/track/5tvGYulaLY9BuSk18WWAF4,325606302
JENNIE,SPOT!,https://open.spotify.com/track/1SS0WlKhJewviwEDZ6dWj0,291981470
JENNIE,Dracula - JENNIE Remix,https://open.spotify.com/track/5yvVYFDUpbnjcnRBgjwTzM,282066865
JENNIE,Love Hangover (feat. Dominic Fike),https://open.spotify.com/track/4uQww16BydWb2aOOjkySPU,229742065
JENNIE,Handlebars (feat. Dua Lipa),https://open.spotify.com/track/5eutB2O8MLQjPJmAlYvxXC,204167919
sombr,back to friends,https://open.spotify.com/track/0FTmksd2dxiE5e3rWyJXs6,2013403055
sombr,undressed,https://open.spotify.com/track/4AajxCEwGEsmHmT4H1TwjY,980022630
sombr,12 to 12,https://open.spotify.com/track/6MrLkXsMmHaYt680fhJUAq,715520835
sombr,Homewrecker,https://open.spotify.com/track/7tICCrK3CcyRFKza7yrR0z,323666333
sombr,would've been you,https://open.spotify.com/track/2U7svZUGvR4tfKdyxv9mXu,298773103
sombr,do i ever cross your mind,https://open.spotify.com/track/5dt0PVoQ5xq5mvrJ1Bp3ou,250620028
sombr,we never dated,https://open.spotify.com/track/7o3xJRQhpHRZ6IbyQX2xrp,233485164
sombr,i don't know you anymore,https://open.spotify.com/track/5FCMqNc9fodjQRIXbG7Ld1,135902692
sombr,i wish i knew how to quit you,https://open.spotify.com/track/5Lfdb0KKLWKEns27p20uYt,82391953
sombr,caroline,https://open.spotify.com/track/73Moxwjn2ElzQBIMstG2ga,71251524
Dominic Fike,Babydoll,https://open.spotify.com/track/7yNf9YjeO5JXUE3JEBgnYc,1503299461
Dominic Fike,3 Nights,https://open.spotify.com/track/0uI7yAKUf52Cn7y3sYyjiX,1312209207
Dominic Fike,Phone Numbers,https://open.spotify.com/track/3f9Mzvd3URfbbIJBX4pz9Z,378572743
Dominic Fike,White Keys,https://open.spotify.com/track/5ViLKrbyL3HD6wsq3AB9eI,324978085
Dominic Fike,misses,https://open.spotify.com/track/6WTFHKrnZpwEBLRS10Ylqs,306578440
Dominic Fike,Mama's Boy,https://open.spotify.com/track/0b6xZk9f96N77BfmYWnQNC,290620880
Dominic Fike,Mona Lisa,https://open.spotify.com/track/71DSaeKtXQaMAqnvMT7Uoc,241613930
Dominic Fike,Love Hangover (feat. Dominic Fike),https://open.spotify.com/track/0rx7xu0RmZLpJjKNVZjSVv,233369236
Dominic Fike,Why,https://open.spotify.com/track/1xLs8Mu1QEVbGCpyHQ2r2U,200845748
Dominic Fike,Superstar Sh*t,https://open.spotify.com/track/20j7l6tFtc5lynXpbOQg1O,153991342
OneRepublic,Counting Stars,https://open.spotify.com/track/2tpWsVSb9UEmDRxAl1zhX1,3520840443
OneRepublic,I Ain't Worried,https://open.spotify.com/track/4fYte8ZvTK14NEhAOZocBi,2325940799
OneRepublic,Apologize,https://open.spotify.com/track/1NrJYpdAi7uosDRPmSYrsG,999637249
OneRepublic,Apologize,https://open.spotify.com/track/3Rt4LfIlX8xkmpSp5st8B3,922752882
OneRepublic,Secrets,https://open.spotify.com/track/1NhPKVLsHhFUHIOZ32QnS2,842867724
OneRepublic,I Don't Wanna Wait,https://open.spotify.com/track/331l3xABO0HMr1Kkyh2LZq,774075860
OneRepublic,Run,https://open.spotify.com/track/6KL88T4Ma4ABXqzgUoEwkd,764097593
OneRepublic,Rescue Me,https://open.spotify.com/track/37LNNQNbL1YLyutBG6aWRx,718730776
OneRepublic,I Lived,https://open.spotify.com/track/3IQF4xCQUPicbA4hWfTxPo,708073408
OneRepublic,Sunshine,https://open.spotify.com/track/6keF0sk7i4WU3cVnMkTtS3,626899874
Camila Cabello,Señorita,https://open.spotify.com/track/3BVgrFWuH01GmCUy9Y2EE8,3331561389
Camila Cabello,Havana (feat. Young Thug),https://open.spotify.com/track/1rfofaqEpACxVEHIZBJe6W,2484386207
Camila Cabello,Never Be the Same,https://open.spotify.com/track/4eWQlBRaTjPPUlzacqEeoQ,1172358577
Camila Cabello,Bam Bam (feat. Ed Sheeran),https://open.spotify.com/track/2DB4DdfCFMw1iaR6JaR03a,1107454164
Camila Cabello,Shameless,https://open.spotify.com/track/2ogKhhoMClkFXek7ZgxAhN,994093820
Camila Cabello,South of the Border (feat. Camila Cabello & Cardi B),https://open.spotify.com/track/4vUmTMuQqjdnvlZmAH61Qk,882286312
Camila Cabello,Beautiful (feat. Camila Cabello),https://open.spotify.com/track/4VUwkH455At9kENOfzTqmF,867677629
Camila Cabello,My Oh My (feat. DaBaby),https://open.spotify.com/track/3yOlyBJuViE2YSGn3nVE1K,849557260
Camila Cabello,Bad Things (with Camila Cabello),https://open.spotify.com/track/1PSBzsahR2AKwLJgx8ehBj,784680889
Camila Cabello,I Know What You Did Last Summer,https://open.spotify.com/track/2GyA33q5rti5IxkMQemRDH,763400344
Charlie Puth,We Don't Talk Anymore (feat. Selena Gomez),https://open.spotify.com/track/54PbBpquVfhfrwRwvjSXbI,2598354065
Charlie Puth,Attention,https://open.spotify.com/track/5cF0dROlMOK5uNZtivgu50,2488240067
Charlie Puth,See You Again (feat. Charlie Puth),https://open.spotify.com/track/6IcrwGdIvRsrImOnoYfG9Z,2412458774
Charlie Puth,Left and Right (Feat. Jung Kook of BTS),https://open.spotify.com/track/5Odq8ohlgIbQKMZivbWkEo,1180465286
Charlie Puth,One Call Away,https://open.spotify.com/track/5MwIGPDKeDb7SpblcaQP6O,1099207752
Charlie Puth,Marvin Gaye (feat. Meghan Trainor),https://open.spotify.com/track/6TjWrm6BZytIjHnZcX2TGk,874242883
Charlie Puth,How Long,https://open.spotify.com/track/6wmAHw1szh5RCKSRjiXhPe,869692675
Charlie Puth,Light Switch,https://open.spotify.com/track/1jEBSDN5vYViJQr78W7jr2,717150779
Charlie Puth,Cheating on You,https://open.spotify.com/track/0ClPIeT6MSgfSgQ9ZrJbAq,542538332
Charlie Puth,Dangerously,https://open.spotify.com/track/2EbseeW2cr5zK3J8VuYntw,442103827
Red Hot Chili Peppers,Californication,https://open.spotify.com/track/48UPSzbZjgc449aqz8bxox,2009570758
Red Hot Chili Peppers,Under the Bridge,https://open.spotify.com/track/3d9DChrdc6BOeFsbrZ3Is0,1952377340
Red Hot Chili Peppers,Can't Stop,https://open.spotify.com/track/3ZOEytgrvLwQaqXreDs2Jx,1928488395
Red Hot Chili Peppers,Scar Tissue,https://open.spotify.com/track/1G391cbiT3v3Cywg8T7DM1,1547330870
Red Hot Chili Peppers,Otherside,https://open.spotify.com/track/64BbK9SFKH2jk86U3dGj2P,1510465352
Red Hot Chili Peppers,Snow (Hey Oh),https://open.spotify.com/track/2aibwv5hGXSgw7Yru8IYTO,1408436294
Red Hot Chili Peppers,Dani California,https://open.spotify.com/track/10Nmj3JCNoMeBQ87uw5j8k,1020856239
Red Hot Chili Peppers,By the Way,https://open.spotify.com/track/1f2V8U1BiWaC9aJWmpOARe,746601329
Red Hot Chili Peppers,Dark Necessities,https://open.spotify.com/track/2oaK4JLVnmRGIO9ytBE1bt,657610411
Red Hot Chili Peppers,Give It Away,https://open.spotify.com/track/0uppYCG86ajpV2hSR3dJJ0,530444224
Selena Gomez,We Don't Talk Anymore,https://open.spotify.com/track/2AsVg2ZujLezXkx8mt6WYc,2586502046
Selena Gomez,Calm Down (with Selena Gomez),https://open.spotify.com/track/1s7oOCT8vauUh01PbJD6ps,1874315733
Selena Gomez,"Taki Taki (with Selena Gomez, Ozuna & Cardi B)",https://open.spotify.com/track/4w8niZpiMy6qz1mntFA5uM,1826503447
Selena Gomez,It Ain't Me (with Selena Gomez),https://open.spotify.com/track/12GEpg2XOPyqk03JZEZnJs,1726504926
Selena Gomez,Wolves,https://open.spotify.com/track/0tBbt8CrmxbjRP0pueQkyU,1543787486
Selena Gomez,Lose You To Love Me,https://open.spotify.com/track/4l0Mvzj72xxOpRrp6h8nHi,1469897124
Selena Gomez,Back To You - From 13 Reasons Why – Season 2 Soundtrack,https://open.spotify.com/track/4hQ6UGyWQIGJmHSo0J88JW,1216078149
Selena Gomez,Good For You,https://open.spotify.com/track/5xdVqHtFS0eLuNp4Z8Wbpa,943732524
Selena Gomez,Same Old Love,https://open.spotify.com/track/6ZANrVuAMp2rpjhfbOuJly,790197510
Selena Gomez,Hands To Myself,https://open.spotify.com/track/3CJvmtWw2bJsudbAC5uCQk,783046844
Tate McRae,greedy,https://open.spotify.com/track/4kfSXPK13aXkLzuz02hCSC,2270762704
Tate McRae,you broke me first,https://open.spotify.com/track/4l0RmWt52FxpVxMNni6i63,2021395379
Tate McRae,Sports car,https://open.spotify.com/track/08UFSsgayeLEIVAlSeOeYi,865955167
Tate McRae,10:35,https://open.spotify.com/track/6BePGk3eCan4FqaW2X8Qy3,831130646
Tate McRae,exes,https://open.spotify.com/track/4E63weMCaNZuGPEFMnuEi8,828958527
Tate McRae,she's all i wanna be,https://open.spotify.com/track/7l9IqDtVWJurTvkQHq1BGh,741531571
Tate McRae,Just Keep Watching (From F1® The Movie),https://open.spotify.com/track/2yWlGEgEfPot0lv3OAjuG3,674453018
Tate McRae,that way,https://open.spotify.com/track/7l97ElWmIdVHWUaOeeU5ZC,657972344
Tate McRae,It's ok I'm ok,https://open.spotify.com/track/3UeX8cZC5RctvEA2xPVf0K,583156514
Tate McRae,Revolving door,https://open.spotify.com/track/3cvnKitv4tsQGKcwZzBOvR,532946583
Benson Boone,Beautiful Things,https://open.spotify.com/track/3xkHsmpQCBMytMJNiDf3Ii,3021602031
Benson Boone,In The Stars,https://open.spotify.com/track/315aBOUD3xtj7sUMXtRgMV,1456720153
Benson Boone,Slow It Down,https://open.spotify.com/track/51eSHglvG1RJXtL3qI5trr,1065545437
Benson Boone,Ghost Town,https://open.spotify.com/track/6HuHyXviAdpmnQu73JHfBz,693301134
Benson Boone,Mystical Magical,https://open.spotify.com/track/221eHga9f9Ne4f8D7WVgPT,569364526
Benson Boone,Sorry I'm Here For Someone Else,https://open.spotify.com/track/15zJeVUmKFnbrxm9dxcxYD,426608353
Benson Boone,NIGHTS LIKE THESE,https://open.spotify.com/track/33vZRjxJScapmRShRJq8I0,341677131
Benson Boone,Cry,https://open.spotify.com/track/3h76tbaYIamSeJL81X7ZwI,262626229
Benson Boone,Pretty Slowly,https://open.spotify.com/track/1QxxBUAx42J8pIFYJJR880,223093257
Benson Boone,Before You,https://open.spotify.com/track/523f4oSjrZx83XDtRLnsIw,216232661
Green Day,Basket Case,https://open.spotify.com/track/6L89mwZXSOwYl76YXfX13s,1587397848
Green Day,American Idiot,https://open.spotify.com/track/6nTiIhLmQ3FWhvrGafw2zj,1424745283
Green Day,Boulevard of Broken Dreams,https://open.spotify.com/track/5cbTCQ14BC974Zsx6OlXF8,1281182478
Green Day,Wake Me up When September Ends,https://open.spotify.com/track/3ZffCQKLFLUvYM59XKLbVm,1080556847
Green Day,Good Riddance (Time of Your Life),https://open.spotify.com/track/6ORqU0bHbVCRjXm9AjyHyZ,1061525150
Green Day,When I Come Around,https://open.spotify.com/track/1Dr1fXbc2IxaK1Mu8P8Khz,806746764
Green Day,21 Guns,https://open.spotify.com/track/3IHHqmfKJHyI0obINUdg1W,803630875
Green Day,Holiday,https://open.spotify.com/track/6Rf4L61dBRNsuE6BYkJYFL,607099667
Green Day,Brain Stew,https://open.spotify.com/track/5mzhLQCMA2A0K7KnYxPL52,543602128
Green Day,Holiday / Boulevard of Broken Dreams,https://open.spotify.com/track/0MsrWnxQZxPAcov7c74sSo,538367060
The Goo Goo Dolls,Iris,https://open.spotify.com/track/6Qyc6fS4DsZjB2mRW9DsQs,3313407325
The Goo Goo Dolls,Slide,https://open.spotify.com/track/0nnwn7LWHCAu09jfuH1xTA,446203636
The Goo Goo Dolls,Name,https://open.spotify.com/track/1G8jae4jD8mwkXdodqHsBM,222700351
The Goo Goo Dolls,Sympathy,https://open.spotify.com/track/5fIrBv7PrI2MBcktQOcmpI,117472089
The Goo Goo Dolls,Black Balloon,https://open.spotify.com/track/5zmaypMaWb21FUGBxbw8hT,112174045
The Goo Goo Dolls,Here Is Gone,https://open.spotify.com/track/4KqTGPPmXowMPEoShSVOta,72773205
The Goo Goo Dolls,Come to Me,https://open.spotify.com/track/1jvoeTYt8usIxGWQUSzEyz,63322004
The Goo Goo Dolls,Better Days,https://open.spotify.com/track/5mEEJybpLSNbhG8ytD1BuY,58650284
The Goo Goo Dolls,Acoustic #3,https://open.spotify.com/track/1RC9slv335IfLce5vt9KTW,42148185
The Goo Goo Dolls,Broadway,https://open.spotify.com/track/0RZuCBV900eNA2FXCQ3uUM,34513359
Gracie Abrams,That's So True,https://open.spotify.com/track/7ne4VBA60CxGM75vw0EYad,1804028641
Gracie Abrams,"I Love You, I'm Sorry",https://open.spotify.com/track/51rfRCiUSvxXlCSCfIztBy,1124872155
Gracie Abrams,I miss you I'm sorry,https://open.spotify.com/track/4nyF5lmSziBAt7ESAUjpbx,894354931
Gracie Abrams,Close To You,https://open.spotify.com/track/2bl81llf715VEEbAx03yvB,585616301
Gracie Abrams,Risk,https://open.spotify.com/track/0gZGUAO42F1HmzZWHNPGAu,390066626
Gracie Abrams,Mess It Up,https://open.spotify.com/track/0PLhwCmQ7cC3ThRGPn3HxF,342128258
Gracie Abrams,us. (feat. Taylor Swift),https://open.spotify.com/track/0hhzNPE68LWLfgZwdpxVdR,301927592
Gracie Abrams,Feels Like,https://open.spotify.com/track/35IcAVSMsU9qzHfpPbvC8A,274664692
Gracie Abrams,Everywhere Everything (with Gracie Abrams),https://open.spotify.com/track/745JbQYxoYIegHzHTUxETp,272100310
Gracie Abrams,I know it won't work,https://open.spotify.com/track/33uKUpu9ZXsHhcxRLoxnWI,264903624
BTS,Dynamite,https://open.spotify.com/track/5QDLhrAOJJdNAmCTJ8xMyW,2260101152
BTS,My Universe,https://open.spotify.com/track/46HNZY1i7O6jwTA7Slo2PI,1598570516
BTS,Butter,https://open.spotify.com/track/6jjYDGxVJsWS0a5wlVF5vS,1453258539
BTS,Boy With Luv (feat. Halsey),https://open.spotify.com/track/4a9tbd947vo9K8Vti9JwcI,1383321770
BTS,Left and Right (Feat. Jung Kook of BTS),https://open.spotify.com/track/5Odq8ohlgIbQKMZivbWkEo,1174621413
BTS,FAKE LOVE,https://open.spotify.com/track/6m1TWFMeon7ai9XLOzdbiR,1089390088
BTS,Life Goes On,https://open.spotify.com/track/5FVbvttjEvQ8r2BgUcJgNg,1017694905
BTS,Permission to Dance,https://open.spotify.com/track/3XYRV7ZSHqIRDG87DKTtry,805298070
BTS,DNA,https://open.spotify.com/track/3uRLwBjI2TahxslcMTvpFs,799806317
BTS,Blood Sweat & Tears,https://open.spotify.com/track/0Yqr9qtmhjYPUtsFB04g9R,701414299
Paramore,Still into You,https://open.spotify.com/track/1yjY7rpaAQvKwpdUliHx0d,1233283819
Paramore,Misery Business,https://open.spotify.com/track/3l9CW99AHtExIRV4hW2N5m,1181325177
Paramore,The Only Exception,https://open.spotify.com/track/3ZHfX6kbiY7JVsB63lLOLu,901825761
Paramore,Hard Times,https://open.spotify.com/track/0w5Bdu51Ka25Pf3hojsKHh,728766565
Paramore,Ain't It Fun,https://open.spotify.com/track/1j8z4TTjJ1YOdoFEDwJTQa,700606043
Paramore,All I Wanted,https://open.spotify.com/track/4BbXg5wQqVNPbVEGpjsVnv,587038290
Paramore,Decode - Twilight Soundtrack Version,https://open.spotify.com/track/4IDfVjI1TlB1UwlC01T4Bm,551991975
Paramore,That's What You Get,https://open.spotify.com/track/0UY4FvG4f9JI6kBR1BlWrZ,429089940
Paramore,Ignorance,https://open.spotify.com/track/5ZdrNnYV5VZWds4WXKf8kf,376763270
Paramore,crushcrushcrush,https://open.spotify.com/track/4m9NfjevXsDVaLtM1kj0Sx,344853419
Vance Joy,Riptide,https://open.spotify.com/track/2uXlHCUbq9OMUwx3hrk06o,3623944395
Vance Joy,Mess Is Mine,https://open.spotify.com/track/6IJXxWAHTVORSyl7lT5pkY,647867756
Vance Joy,Georgia,https://open.spotify.com/track/5sfvzgf96i6nLyLELnrLZ6,575140370
Vance Joy,Saturday Sun,https://open.spotify.com/track/2RiBogNRfulkNf7fVbPOrJ,401801119
Vance Joy,Missing Piece,https://open.spotify.com/track/2vB9ME0oZwfTGAUMC71CaT,337835660
Vance Joy,Fire and the Flood,https://open.spotify.com/track/7ewI4ZKxRXrkESHB8eGBnO,288049532
Vance Joy,I'm with You,https://open.spotify.com/track/6Qwuw0eOeszVlewLpu24gR,190534683
Vance Joy,Lay It on Me,https://open.spotify.com/track/7oekneJCJO74ycdLzdk16v,183986463
Vance Joy,You (with Marshmello & Vance Joy),https://open.spotify.com/track/3BZbIti1G5x09U2CkwxnZV,145194620
Vance Joy,Like Gold,https://open.spotify.com/track/6Od2OWvoT4embWAgIGeFRd,143622434
The Script,Hall of Fame (feat. will.i.am),https://open.spotify.com/track/7wMq5n8mYSKlQIGECKUgTX,1964028023
The Script,Breakeven,https://open.spotify.com/track/285hMzLhJwHVLe9QT9qilk,1382355035
The Script,The Man Who Can't Be Moved,https://open.spotify.com/track/3nqqDo8CcCLke3ZoTgiOKf,1357982589
The Script,Superheroes,https://open.spotify.com/track/37sINbJZcFdHFAsVNsPq1i,771819221
The Script,For the First Time,https://open.spotify.com/track/09ZcYBGFX16X8GMDrvqQwt,423266177
The Script,Rain,https://open.spotify.com/track/2QWP8NYYplOqEFBYGCcq0S,183873369
The Script,If You Could See Me Now,https://open.spotify.com/track/6EzSy7WxNCazx3csu7lxdV,170826405
The Script,Nothing,https://open.spotify.com/track/0c3yfC8zMRJGvmqphczhZb,159907743
The Script,Six Degrees of Separation,https://open.spotify.com/track/0Sayb1EWTywPttwJo7zjBt,99432594
The Script,"Never Seen Anything ""Quite Like You"" - Acoustic",https://open.spotify.com/track/5RzH1iUlKyKLVTyVSktEg7,97286447
Noah Kahan,Stick Season,https://open.spotify.com/track/7ibpNcYxrstM16ehN7OwbK,1846172840
Noah Kahan,Northern Attitude,https://open.spotify.com/track/0F2ptTeWy3Yf7kuFMyNdSb,686158307
Noah Kahan,You're Gonna Go Far,https://open.spotify.com/track/4nHJcUtNSUVjXRnjdP29Bk,570848770
Noah Kahan,Dial Drunk (with Post Malone),https://open.spotify.com/track/22VHOlVYBqytsrAqV8yXBK,570015201
Noah Kahan,All My Love,https://open.spotify.com/track/11F1Tpe5da6M6vKLbUjauU,458757646
Noah Kahan,Hurt Somebody,https://open.spotify.com/track/2Zg0aB5oVQlbQE1vzQmIIY,436012221
Noah Kahan,False Confidence,https://open.spotify.com/track/7nDFTHHwfe32a8qdp9XqPy,367673620
Noah Kahan,Orange Juice,https://open.spotify.com/track/4KwhK2ileXV2wSfp78pqOx,324367459
Noah Kahan,Call Your Mom,https://open.spotify.com/track/3yn01PcU95PTbiZ3xvop2j,297285428
Noah Kahan,Sarah's Place (feat. Noah Kahan),https://open.spotify.com/track/1fvC3CmNAbsx0V9ULMU8NB,294956886
Chappell Roan,"Good Luck, Babe!",https://open.spotify.com/track/0WbMK4wrZ1wFSty9F7FCgu,2140990303
Chappell Roan,Pink Pony Club,https://open.spotify.com/track/6393yGahSJ9slVdOwSxOVR,1229997819
Chappell Roan,HOT TO GO!,https://open.spotify.com/track/3j6CeoBBlm40Msn1JE1SPD,914782184
Chappell Roan,Red Wine Supernova,https://open.spotify.com/track/1PwsO9T862TqEyq4ZiuTME,637938152
Chappell Roan,Casual,https://open.spotify.com/track/7ATcmbsW8f8VcCcMwSPLuo,596726339
Chappell Roan,Femininomenon,https://open.spotify.com/track/2xSEQ2Rvt2DRMDWAkYVPIN,373039815
Chappell Roan,My Kink Is Karma,https://open.spotify.com/track/3bFC4mJkgF9HvTU1mncW7x,364318436
Chappell Roan,The Subway,https://open.spotify.com/track/2SsY5k7UWFqgye3PUMG3Oq,318507337
Chappell Roan,Naked In Manhattan,https://open.spotify.com/track/3y4W93JOKprkNgdnTaDvTF,242530124
Chappell Roan,Super Graphic Ultra Modern Girl,https://open.spotify.com/track/4OLiPTQPgksvrf7eJTtYA3,215887617
Charli xcx,I Love It (feat. Charli XCX),https://open.spotify.com/track/0iPzFrT8mtEtjZWfP5F4af,1317201626
Charli xcx,Fancy,https://open.spotify.com/track/0EP0bBPMd7QIR7QO2lWGlq,860634255
Charli xcx,Guess featuring billie eilish,https://open.spotify.com/track/0IsIY8pfu1yaGkPUD7pkDx,852349559
Charli xcx,OUT OUT (feat. Charli XCX & Saweetie),https://open.spotify.com/track/1UkJVfMgamPjhP478ZGEr6,619904858
Charli xcx,Boom Clap,https://open.spotify.com/track/3x2YIvkLcxvZQsA5x6xyIR,574778158
Charli xcx,360,https://open.spotify.com/track/4brgXtayKW8ygJnOQv6ESP,504484239
Charli xcx,party 4 u,https://open.spotify.com/track/2RdEC8Ff83WkX7kDVCHseE,499764300
Charli xcx,Apple,https://open.spotify.com/track/0ErkCg7ofJBB10DohIHga4,465049378
Charli xcx,Von dutch,https://open.spotify.com/track/2kOdk4z9GlgxA7LSgTPb7S,392630943
Charli xcx,Speed Drive (From Barbie The Album),https://open.spotify.com/track/5VxmI3IdgAxWVvUnJoLuY2,318613426
Cigarettes After Sex,Apocalypse,https://open.spotify.com/track/2N66X8ltrzANr0o6rfwIRi,2405264876
Cigarettes After Sex,Cry,https://open.spotify.com/track/7mDTvYD2ieE4Q28XFziMfJ,1340009218
Cigarettes After Sex,Sunsetz,https://open.spotify.com/track/1yOP9UtSPGMbXSdpfXprP5,1211339449
Cigarettes After Sex,K.,https://open.spotify.com/track/2u7kxy2hDIMa8DHevlw54V,1199725836
Cigarettes After Sex,Sweet,https://open.spotify.com/track/7JdfWas5VbGpmmLYRBhbgt,900103390
Cigarettes After Sex,Nothing's Gonna Hurt You Baby,https://open.spotify.com/track/2TeX8rhHEbWA5u3FZZAxBX,669951996
Cigarettes After Sex,Heavenly,https://open.spotify.com/track/5E02BgqYNN9VzafXrYP6Np,586243589
Cigarettes After Sex,Touch,https://open.spotify.com/track/1v7ptGUBS2DbbRmfIG0hU2,304967401
Cigarettes After Sex,Falling In Love,https://open.spotify.com/track/3g7ngtg7xK3N9nKwAjDfH3,286465313
Cigarettes After Sex,John Wayne,https://open.spotify.com/track/1gdoYFRpgKNeG0y2m61DIA,285006604
Backstreet Boys,I Want It That Way,https://open.spotify.com/track/47BBI51FKFwOMlIiX6m8ya,2073773695
Backstreet Boys,Everybody (Backstreet's Back) - Radio Edit,https://open.spotify.com/track/1di1BEgJYzPvXUuinsYJGP,822801180
Backstreet Boys,As Long as You Love Me,https://open.spotify.com/track/00WvmRXTkPBZNhhRK3xfdy,767190423
Backstreet Boys,Shape of My Heart,https://open.spotify.com/track/35o9a4iAfLl5jRmqMX9c1D,545067516
Backstreet Boys,Quit Playing Games (With My Heart),https://open.spotify.com/track/1nRwyxNsqCLeA17qR8Nfxx,370468887
Backstreet Boys,Show Me the Meaning of Being Lonely,https://open.spotify.com/track/3BsaRV5QIulYz2lV9WWa8T,300163005
Backstreet Boys,Larger Than Life,https://open.spotify.com/track/6sbXGUn9V9ZaLwLdOfpKRE,297158478
Backstreet Boys,Everybody (Backstreet's Back) - Extended Version,https://open.spotify.com/track/5WTxbyWTpoqhdxEN2szOnl,278015563
Backstreet Boys,"God, Your Mama, And Me",https://open.spotify.com/track/4VFE6ZNqa8jHAmbYICoAFg,208883156
Backstreet Boys,Drowning,https://open.spotify.com/track/0AiTIiCQ15NW8QHQwSxKuR,178970926
Ava Max,Sweet but Psycho,https://open.spotify.com/track/7DnAm9FOTWE3cUvso43HhI,2101232940
Ava Max,Kings & Queens,https://open.spotify.com/track/7a53HqqArd4b9NF4XAmlbI,1335970708
Ava Max,The Motto,https://open.spotify.com/track/3j11iDncb7ZeDMw7lFucqM,1037675532
Ava Max,"Alone, Pt. II",https://open.spotify.com/track/28VbwtsYnj85UEODGpQRem,796521245
Ava Max,So Am I,https://open.spotify.com/track/2Xnv3GntqbBH1juvUYSpHG,668018901
Ava Max,My Head & My Heart,https://open.spotify.com/track/1KixkQVDUHggZMU9dUobgm,636184301
Ava Max,Whatever,https://open.spotify.com/track/4rTPLtqJxa4UtCBkdMwSp6,600786671
Ava Max,Into Your Arms (feat. Ava Max),https://open.spotify.com/track/0b11D9D0hMOYCIMN3OKreM,503410624
Ava Max,Salt,https://open.spotify.com/track/5iyZwawawLjHYpX4MxUKVF,440183482
Ava Max,Who's Laughing Now,https://open.spotify.com/track/1Pmp486RrLRkaEkE3HFHXP,250213534
Glass Animals,Heat Waves,https://open.spotify.com/track/4TPrUBWVY8y0X5RCh4QDfJ,3832507270
Glass Animals,Gooey,https://open.spotify.com/track/1gk3FhAV07q9Jg77UxnVjX,424247017
Glass Animals,The Other Side Of Paradise,https://open.spotify.com/track/0rRjGruFonCGOt0S5zAJNQ,311540238
Glass Animals,Take A Slice,https://open.spotify.com/track/37adYGaYaAWTGhBaOzX4Fh,296177876
Glass Animals,Youth,https://open.spotify.com/track/1LPGwuFgIzbJoShfDdw7MY,271900261
Glass Animals,Heat Waves - Slowed,https://open.spotify.com/track/1K2RnVhm3eauKnA8PAcPu1,171773895
Glass Animals,Tokyo Drifting,https://open.spotify.com/track/7CHelZFdG67KvsIfXlFiMh,170514282
Glass Animals,Heat Waves,https://open.spotify.com/track/3Che0Dm9dlytqujcprVAwE,164912089
Glass Animals,Life Itself,https://open.spotify.com/track/32zkKx35Et6A515oZKxDkD,159224614
Glass Animals,Tangerine,https://open.spotify.com/track/6f8SWxaqp6qppK2ad6NrEL,154816915
Fall Out Boy,Centuries,https://open.spotify.com/track/04aAxqtGp5pv12UXAg4pkq,1558361511
Fall Out Boy,"Sugar, We're Goin Down",https://open.spotify.com/track/2TfSHkHiFO4gRztVIkggkE,1052955282
Fall Out Boy,Thnks fr th Mmrs,https://open.spotify.com/track/3Zwu2K0Qa5sT6teCCHPShP,1015097664
Fall Out Boy,My Songs Know What You Did In The Dark (Light Em Up),https://open.spotify.com/track/2E43WFS4rRc09za2r2GmZl,866637069
Fall Out Boy,"Dance, Dance",https://open.spotify.com/track/0a7BloCiNzLDD9qSQHh5m7,812750441
Fall Out Boy,Summer Days (feat. Macklemore & Patrick Stump of Fall Out Boy),https://open.spotify.com/track/7Feaw9WAEREY0DUOSXJLOM,738686973
Fall Out Boy,Immortals,https://open.spotify.com/track/3Te8uLyit6X3ncNW8Fp3K2,645772185
Fall Out Boy,The Phoenix,https://open.spotify.com/track/7jwDuO7UZvWs77KNj9HbvF,457774114
Fall Out Boy,Uma Thurman,https://open.spotify.com/track/5PUawWFG1oIS2NwEcyHaCr,379837766
Fall Out Boy,"This Ain't A Scene, It's An Arms Race",https://open.spotify.com/track/1oagRT7LfpVlNJN6FSZDGp,359945481
Lorde,Royals,https://open.spotify.com/track/4zztp85oS36ijgAWwyhX8p,1523729227
Lorde,Team,https://open.spotify.com/track/1RjUaJM9aKGixVZlbcFUZv,1126196850
Lorde,Ribs,https://open.spotify.com/track/1n46BBFHozz6jDufJ81BDT,1112944662
Lorde,Green Light,https://open.spotify.com/track/64E3ELRApb9HEpHGGikfmo,762127153
Lorde,Supercut,https://open.spotify.com/track/6TgBrRvbC64WMetf2hXrUS,504831006
Lorde,Liability,https://open.spotify.com/track/0iChCqoD3AJXtSTKmGdyQH,503067173
Lorde,Buzzcut Season,https://open.spotify.com/track/0i7Hh51R5z3Y32tJPFV54V,413367535
Lorde,Tennis Court,https://open.spotify.com/track/7vzczp2f2qK3YywNkZ2uo5,385134076
Lorde,Homemade Dynamite - REMIX,https://open.spotify.com/track/2rE9TX3VQ0WNt7kziFhKep,348356247
Lorde,Perfect Places,https://open.spotify.com/track/0AMRJZhimNwbc2B4r3EqFn,345447087
Panic! At The Disco,High Hopes,https://open.spotify.com/track/1rqqCSm0Qe4I9rUvWncaom,1950300135
Panic! At The Disco,I Write Sins Not Tragedies,https://open.spotify.com/track/5cY8y2XgOfkAh4kSWLFKkz,1125561306
Panic! At The Disco,House of Memories,https://open.spotify.com/track/2DgdHcjWmO3qd50RzuBLgZ,1000216715
Panic! At The Disco,ME! (feat. Brendon Urie of Panic! At The Disco),https://open.spotify.com/track/2Rk4JlNc2TPmZe2af99d45,984809696
Panic! At The Disco,Death of a Bachelor,https://open.spotify.com/track/1BECwm5qkaBwlbfo4kpYx8,470443305
Panic! At The Disco,Emperor's New Clothes,https://open.spotify.com/track/3px2rAPu74ltbkf9eZsZ8h,401026815
Panic! At The Disco,This Is Gospel,https://open.spotify.com/track/3yZQk5PC52CCmT4ZaTIKvv,383889051
Panic! At The Disco,"Hey Look Ma, I Made It",https://open.spotify.com/track/22oEJW6r2rMb9z4IntfyEa,380712612
Panic! At The Disco,Don't Threaten Me with a Good Time,https://open.spotify.com/track/2fh3bZ8jZhMxOcfESE9nQY,366844042
Panic! At The Disco,Victorious,https://open.spotify.com/track/6od5hFv9IT5JHc7NEF9HRv,343167575
Lewis Capaldi,Someone You Loved,https://open.spotify.com/track/0vGWBo1b6KyE9klUQfxqwJ,4363805947
Lewis Capaldi,Before You Go,https://open.spotify.com/track/2gMXnyrvIjhVBUZwvLZDMP,2480401700
Lewis Capaldi,Bruises,https://open.spotify.com/track/3uVEtIOcyE7rGAqcWJt95h,1411837480
Lewis Capaldi,Hold Me While You Wait,https://open.spotify.com/track/5qOwKwblw4qR3kfKMWSlnn,1005105867
Lewis Capaldi,Forget Me,https://open.spotify.com/track/3iHzKA9HlXf5wsGdsrsnSA,460732986
Lewis Capaldi,Forever,https://open.spotify.com/track/5ZF6BpIQZ08CybU5vnwSFq,420989534
Lewis Capaldi,Wish You The Best,https://open.spotify.com/track/3gdPwk2wyOXNRnTA1KXnEr,416192832
Lewis Capaldi,Grace,https://open.spotify.com/track/4zDjXT3joiU5Xrg1Bo3623,372268769
Lewis Capaldi,Pointless,https://open.spotify.com/track/44G9fSM6qI8zRoG6Qwn3eq,201407894
Lewis Capaldi,One,https://open.spotify.com/track/67xoaMhFu7ZfgzrsCwJYAi,188110667
Maneskin,Beggin',https://open.spotify.com/track/3Wrjm47oTz2sjIgck11l5e,2273405275
Maneskin,I WANNA BE YOUR SLAVE,https://open.spotify.com/track/4pt5fDVTg5GhEvEtlz9dKk,1546903215
Maneskin,ZITTI E BUONI,https://open.spotify.com/track/776AftMmFFAWUIEAb3lHhw,614684246
Maneskin,THE LONELIEST,https://open.spotify.com/track/7exHT4swWOKL5addPeqkLP,482961091
Maneskin,GOSSIP (feat. Tom Morello),https://open.spotify.com/track/44Xyja7xYPlVC6v2CeweSi,472598481
Maneskin,SUPERMODEL,https://open.spotify.com/track/0eJmsdfbAOM1KD0w50EhlD,421213439
Maneskin,CORALINE,https://open.spotify.com/track/7HMz8o0m7ASQ3ImFPfhWTY,307215503
Maneskin,BABY SAID,https://open.spotify.com/track/2KReCz1L5XkGIBhDncQ5VZ,289560921
Maneskin,MAMMAMIA,https://open.spotify.com/track/7oJ3Nb3LIY1ond1fHF3xio,257969019
Maneskin,Torna a casa,https://open.spotify.com/track/3590AAEoqH50z4UmhMIY85,255263313
Keane,Somewhere Only We Know,https://open.spotify.com/track/1SKPmfSYaPsETbRHaiA18G,2589120284
Keane,Everybody's Changing,https://open.spotify.com/track/0yac0FPhLRH9i9lOng3f81,780806629
Keane,This Is The Last Time,https://open.spotify.com/track/6IVlHRrjTKep5SS9kbcpTa,169650254
Keane,Nothing In My Way,https://open.spotify.com/track/7falOwHJ9MjskdcNehIh79,126698619
Keane,Sovereign Light Café,https://open.spotify.com/track/38v9pKVik1eEJhpSuh97oc,106702061
Keane,Is It Any Wonder?,https://open.spotify.com/track/5xT8JXJSyHYNfC11OFqzFL,90646076
Keane,Bend & Break,https://open.spotify.com/track/4mPiTSD96K4Dha1irhqpW3,88003609
Keane,Bedshaped,https://open.spotify.com/track/17xGX76BVzLRSbpYteAGR4,84928819
Keane,Silenced By The Night,https://open.spotify.com/track/6egcrAqfnqYCgsF6ANPras,84170755
Keane,Crystal Ball,https://open.spotify.com/track/3e90d7sOsXNnVyBfOhjo0z,54456995
Weezer,Island In The Sun,https://open.spotify.com/track/0AxdJGlXJjEUsNONDuT2pe,1127112121
Weezer,Say It Ain't So - Original Mix,https://open.spotify.com/track/6VoIBz0VhCyz7OdEoRYDiA,702765020
Weezer,Buddy Holly,https://open.spotify.com/track/3mwvKOyMmG77zZRunnxp9E,615690765
Weezer,Beverly Hills,https://open.spotify.com/track/1yKu2MhpwzDXXH2tzG6xoa,338585770
Weezer,Undone - The Sweater Song,https://open.spotify.com/track/5WhtlIoxoZrMmuaWWEQhwV,279281077
Weezer,Hash Pipe,https://open.spotify.com/track/3GcVQCRSaPNupmf65YKyQI,201134993
Weezer,I Just Threw Out The Love Of My Dreams,https://open.spotify.com/track/35SRuRfp5BvD1yArmXKNHO,143645267
Weezer,My Name Is Jonas,https://open.spotify.com/track/4nzyOwogJuWn1s6QuGFZ6w,105923370
Weezer,Go Away,https://open.spotify.com/track/1O9D7P7Z1wMJXW19zTXrXi,104289567
Weezer,Africa,https://open.spotify.com/track/3ZPKocroJIcnHGcnJVlLKD,93306068
Carly Rae Jepsen,Call Me Maybe,https://open.spotify.com/track/4L3Vw8hTyqJ1AdyypY4e61,2038820148
Carly Rae Jepsen,Good Time,https://open.spotify.com/track/1BnhLoKdeKPfz9NNJxvEuY,825054454
Carly Rae Jepsen,I Really Like You,https://open.spotify.com/track/6ss2vUwrV64xAVE4fXZMIh,593367994
Carly Rae Jepsen,Run Away With Me,https://open.spotify.com/track/0Jirkb7LGNWyVhKOsKFdZ2,193376133
Carly Rae Jepsen,Cut To The Feeling,https://open.spotify.com/track/6EJiVf7U0p1BBfs0qqeb1f,170398825
Carly Rae Jepsen,Party For One,https://open.spotify.com/track/7KW3XQV5Or5CF57MYVj5h4,60092599
Carly Rae Jepsen,Your Type,https://open.spotify.com/track/5DerNWKZt27S4dD6jjgg92,49209955
Carly Rae Jepsen,Tonight I'm Getting Over You,https://open.spotify.com/track/1GSXanjOoG209fCzlO05Z5,45148674
Carly Rae Jepsen,OMG (with Carly Rae Jepsen),https://open.spotify.com/track/2j9YmQRxtjuVwb4XN95oT8,44099876
Carly Rae Jepsen,Last Christmas,https://open.spotify.com/track/2ZZkesH3IpoIqS5FsSC7uZ,42690993
beabadoobee,death bed (coffee for your head),https://open.spotify.com/track/7eJMfftS33KTjuF7lTsMCx,2030299819
beabadoobee,the perfect pair,https://open.spotify.com/track/41P6Tnd8KIHqON0QIydx6a,678286909
beabadoobee,Glue Song,https://open.spotify.com/track/3iBgrkexCzVuPy4O9vx7Mf,575104732
beabadoobee,the way things go,https://open.spotify.com/track/5sA3i6SGkILMiZW6Fhx4wv,288038490
beabadoobee,Real Man,https://open.spotify.com/track/0OpC8hRrbsh24taKOsQBEX,272216172
beabadoobee,Tired,https://open.spotify.com/track/6F5mZpEEjhsAW8UEqbIpz1,271712811
beabadoobee,Coffee,https://open.spotify.com/track/429NtPmr12aypzFH3FkN9l,263551793
beabadoobee,A Night To Remember,https://open.spotify.com/track/180AbZduI6bYQIzwCHRwu9,250220479
beabadoobee,Glue Song (feat. Clairo),https://open.spotify.com/track/0tMMPZEt6Gyrl9FI8zSicm,244138661
beabadoobee,Apple Cider,https://open.spotify.com/track/5xA5MggKc3aQxuOzNzPUWB,210354209
Lola Young,Messy,https://open.spotify.com/track/35ISBknsCeZQtq66xABI9g,1162033850
Lola Young,Like Him (feat. Lola Young),https://open.spotify.com/track/6jbYpRPTEFl1HFKHk1IC0m,756880147
Lola Young,One Thing,https://open.spotify.com/track/6KFQdIB3njXBQNcg1xUh9U,146455390
Lola Young,Conceited,https://open.spotify.com/track/5ZdqVCiXrvMGpY8cux5g8t,99436234
Lola Young,d£aler,https://open.spotify.com/track/7BmLv5kV44Ll4dMalK7MYs,59259809
Lola Young,Don't Hate Me,https://open.spotify.com/track/3xHiCTehVvsc7w26DuEdYw,42998404
Lola Young,Post Sex Clarity,https://open.spotify.com/track/5AuVethkA7IRqK1tKveygs,37962853
Lola Young,Wish You Were Dead,https://open.spotify.com/track/7oWGcQfpSXUL8c61p6ycrh,34121193
Lola Young,Big Brown Eyes,https://open.spotify.com/track/2kKnGTvaxmi6OiOObpf6r3,24890553
Lola Young,Messy - Sped Up,https://open.spotify.com/track/17a9C1O1SoUAr5sVwu4YUR,23571235
Foo Fighters,Everlong,https://open.spotify.com/track/07q6QTQXyPRCf7GbLakRPr,1752336950
Foo Fighters,The Pretender,https://open.spotify.com/track/6HNruFQlzQx4ulL4ppRLYI,1032006862
Foo Fighters,Best of You,https://open.spotify.com/track/1sn6iOK93jnp0Hn5BnNOXy,802253689
Foo Fighters,Learn to Fly,https://open.spotify.com/track/5OQsiBsky2k2kDKy2bX2eT,766544566
Foo Fighters,My Hero,https://open.spotify.com/track/7u5dBtASrtOuBTTZjJrvuJ,606834613
Foo Fighters,All My Life,https://open.spotify.com/track/2HbVINmehEbPmjlcueXEJJ,490665123
Foo Fighters,Times Like These,https://open.spotify.com/track/4xanWVQIzdCf51mg8cd1cQ,305744151
Foo Fighters,Walk,https://open.spotify.com/track/76Je5Wklky23mVoxiRszcN,296466951
Foo Fighters,Monkey Wrench,https://open.spotify.com/track/43TxY9bYSyZ4QRPA0UJddL,292467048
Foo Fighters,Everlong - Acoustic Version,https://open.spotify.com/track/3QmesrvdbPjwf7i40nht1D,288724549
The Killers,Mr. Brightside,https://open.spotify.com/track/2RvbnvBX3XKkHy8daq3PUT,3321258437
The Killers,Somebody Told Me,https://open.spotify.com/track/2ATysHgB9hq4GKkD7ynBGh,1247951508
The Killers,When You Were Young,https://open.spotify.com/track/6aKWBLAFHXHUjsJJri2ota,868936513
The Killers,Human,https://open.spotify.com/track/55fb0yygjCXdrCY5eJdmD1,727244912
The Killers,All These Things That I've Done,https://open.spotify.com/track/4yyMjJrrjaDRXyIoM4JbbC,490263313
The Killers,Read My Mind,https://open.spotify.com/track/2l0LcfGWfltcgQpVzqX5ze,348233331
The Killers,Smile Like You Mean It,https://open.spotify.com/track/3LAAb5GIS7lxgjeNauFIt0,255481091
The Killers,The Man,https://open.spotify.com/track/5aWhs651KYM26HYM16kRdk,228405750
The Killers,Shot At The Night,https://open.spotify.com/track/2aZ2Co4NeQRsqWcU930zHT,177582479
The Killers,Spaceman,https://open.spotify.com/track/2947Y07If3YbnD7Jqnu5Pm,162951845
Djo,End of Beginning,https://open.spotify.com/track/3qhlB30KknSejmIvZZLjOD,2808608118
Djo,Chateau (Feel Alright),https://open.spotify.com/track/3vjs2MDHoF9xhylNg6Y9un,179361569
Djo,Roddy,https://open.spotify.com/track/5hS8s1Vf4CeSRBT1bTWa39,129186086
Djo,Delete Ya,https://open.spotify.com/track/03y6MsaseYEO7DfwqsgcAI,108848599
Djo,Basic Being Basic,https://open.spotify.com/track/2KjS3oMF96NxiskpSlinpn,103930715
Djo,Change,https://open.spotify.com/track/1yQkAv4xtapCBCzI8q1QGF,50260953
Djo,Charlie's Garden,https://open.spotify.com/track/7o9XbNCdS1stXBNZiDL1Fu,47274092
Djo,Gloom,https://open.spotify.com/track/6L8JVXMBLDZeyhBKr0lrj8,38116772
Djo,Potion,https://open.spotify.com/track/2mEgBXBksVpGBotlB1yGZD,36140825
Djo,Personal Lies,https://open.spotify.com/track/3HAYmp6l5lYGG8zz4qMbIX,34709827
The Marias,No One Noticed,https://open.spotify.com/track/3siwsiaEoU4Kuuc9WKMUy5,1108680149
The Marias,Otro Atardecer,https://open.spotify.com/track/0E0DRHf5PfMeor0ZCwB3oT,752216579
The Marias,Sienna,https://open.spotify.com/track/0InIeZW4P6VO7dUGRM4AKH,511245306
The Marias,Heavy,https://open.spotify.com/track/1ShRHPAiiIrh0arZbSFmx1,416144138
The Marias,No One Noticed (Extended Spanish),https://open.spotify.com/track/2kn0fLwt9QRorHuGdmk6ze,301407273
The Marias,Cariño,https://open.spotify.com/track/16gJmoOqRt2lKmlXtDpWgH,252003609
The Marias,Ojos Tristes (with The Marías),https://open.spotify.com/track/1DpC4L3JjsGRW7y6eTHaMj,231971560
The Marias,Nobody New,https://open.spotify.com/track/3BUc2A0MJ53FHwiy3eohBt,219000343
The Marias,Lejos de Ti,https://open.spotify.com/track/0phzfJn8NeT1LkbqfV2peI,194168959
The Marias,Only in My Dreams,https://open.spotify.com/track/190IqlryWu91WBKeDgZqZz,173249907
Kings of Leon,Sex on Fire,https://open.spotify.com/track/5A1FmxbYVRZKy4nc16MAue,2190657211
Kings of Leon,Use Somebody,https://open.spotify.com/track/2TYC9SaRhYypUQzB1ZVTG2,1293408087
Kings of Leon,Pyro,https://open.spotify.com/track/0umDVf77ygI5RiVp9OvNDj,392178238
Kings of Leon,Closer,https://open.spotify.com/track/47jpI85aNpUG0KDLpTPVEq,323505996
Kings of Leon,Waste A Moment,https://open.spotify.com/track/5LlsD7LdSMkGV4Iu0a2Zq0,279726773
Kings of Leon,Wait for Me,https://open.spotify.com/track/2nO1DYEg1X5GHi8SSuNJQj,211090387
Kings of Leon,WALLS,https://open.spotify.com/track/41QhRnFDdhMLtR8tmnolbr,182363370
Kings of Leon,Revelry,https://open.spotify.com/track/4qrdHmCfQWPkMKjkiUjzHF,161341199
Kings of Leon,Supersoaker,https://open.spotify.com/track/4cQIbDqCZrHknxlDUjRHZ0,142730857
Kings of Leon,Back Down South,https://open.spotify.com/track/6HfFLqjxyFJYx1V0olSKof,126863537
The Cure,Boys Don't Cry - Single Version,https://open.spotify.com/track/4dneV7C1yDt9UtyxrQY375,1198762926
The Cure,Friday I'm In Love - Remastered 2022,https://open.spotify.com/track/7KAGkb0zAYC4lYDOa9fAug,1044730721
The Cure,Just Like Heaven - Remastered 2006,https://open.spotify.com/track/4NnWuGQujzWUEg0uZokO5M,752539224
The Cure,Close To Me,https://open.spotify.com/track/1JcK6hdFLKddUVlm0JQeWj,449749785
The Cure,Lovesong - 2010 Remaster,https://open.spotify.com/track/0X5C4WjQNubRysTkHOubz3,439942292
The Cure,Lullaby - 2010 Remaster,https://open.spotify.com/track/4d4oXk7O2lEhZ83ivV93li,267893801
The Cure,Inbetween Days,https://open.spotify.com/track/4CRpOsjhvgxjF7rQufmyZ1,261212294
The Cure,A Forest,https://open.spotify.com/track/4iVTSRiJAA18d3QglhyJ6Q,209404907
The Cure,Pictures of You - 2010 Remaster,https://open.spotify.com/track/1tuwC1Ob5vnYZhvg3zyzJg,171350009
The Cure,The Lovecats,https://open.spotify.com/track/6q2T5xXao6mTS6LLE88L84,126111131
MGMT,Kids,https://open.spotify.com/track/5NXQPIl8LBpeaVQJUj2DE0,1259321605
MGMT,Electric Feel,https://open.spotify.com/track/4ijZ4sCKTLsQJKTJT4psI8,1111190979
MGMT,Pursuit Of Happiness (Nightmare),https://open.spotify.com/track/46Ipw98xRZvU4VZH0DVGnh,1074277182
MGMT,Little Dark Age,https://open.spotify.com/track/2Y0iGXY6m6immVb2ktbseM,900686588
MGMT,Pursuit Of Happiness - Extended Steve Aoki Remix,https://open.spotify.com/track/7m47Go71qTMBs4kTH7U8F8,758963669
MGMT,Time To Pretend,https://open.spotify.com/track/5OcxthvGOxWYsuwKrWk5U4,661286926
MGMT,When You Die,https://open.spotify.com/track/3td69vL9Py7Ai9wfXYnvji,174008403
MGMT,Me and Michael,https://open.spotify.com/track/0t4z0WaQomQqPONghWn8c2,82861295
MGMT,Congratulations,https://open.spotify.com/track/6kblAEj0T0312fv5QWsXzo,81394041
MGMT,Weekend Wars,https://open.spotify.com/track/6WNa4bVgowFq3vsbLhNs0T,62224387
5 Seconds of Summer,Youngblood,https://open.spotify.com/track/2iUXsYOEPhVqEBwsqP70rE,2192540761
5 Seconds of Summer,Teeth,https://open.spotify.com/track/3NxWJWftvkstyxvb1pZlFo,1091276690
5 Seconds of Summer,She Looks So Perfect,https://open.spotify.com/track/1CQ2cMfrmFM1YdfmjENKVE,923569342
5 Seconds of Summer,Who Do You Love,https://open.spotify.com/track/2fVHrSxsQbJUuj9MW9zG1e,596226260
5 Seconds of Summer,Amnesia,https://open.spotify.com/track/0dIOvducp7ujHTqj66cQ3X,511342336
5 Seconds of Summer,Ghost Of You,https://open.spotify.com/track/1MhXdlCQPnO56T57MfmaRm,455525187
5 Seconds of Summer,Easier,https://open.spotify.com/track/2bjUEg4jBtKBlPdNrTAppI,452437044
5 Seconds of Summer,Lie To Me (feat. Julia Michaels),https://open.spotify.com/track/6GzApXoBQiiAjak3tOQfV3,287221865
5 Seconds of Summer,She's Kinda Hot,https://open.spotify.com/track/5fsQSDifYpjfbCqvZKPVBj,273691095
5 Seconds of Summer,Want You Back,https://open.spotify.com/track/2vHfabj6nFebekTYODqntl,237765030
Mitski,My Love Mine All Mine,https://open.spotify.com/track/3vkCueOmm7xQDoJ17W1Pm3,2024814470
Mitski,Washing Machine Heart,https://open.spotify.com/track/3jjsRKEsF42ccXf8kWR3nu,1251777806
Mitski,I Bet on Losing Dogs,https://open.spotify.com/track/2Co0IjcLTSHMtodwD4gzfg,728552065
Mitski,First Love/Late Spring,https://open.spotify.com/track/3sslYZcFKtUvIEWN9lADgr,584091818
Mitski,Nobody,https://open.spotify.com/track/2P5yIMu2DNeMXTyOANKS6k,571144919
Mitski,Me and My Husband,https://open.spotify.com/track/3pANfZVFdtuVnJsE6xa5Ox,453034920
Mitski,Francis Forever,https://open.spotify.com/track/5411TEB6tlzvuF5A4oyldr,449369985
Mitski,Liquid Smooth,https://open.spotify.com/track/3XCveEutwTaDiekRkkfdp9,315030428
Mitski,I Want You,https://open.spotify.com/track/7FHj19QQigvMH1onMYRNLn,297765145
Mitski,A Pearl,https://open.spotify.com/track/7fd3aMiuwHWKsTdZafjOfZ,286743293
The 1975,About You,https://open.spotify.com/track/1fDFHXcykq4iw8Gg7s5hG9,1102774014
The 1975,Somebody Else,https://open.spotify.com/track/5hc71nKsUgtwQ3z52KEKQk,1059550058
The 1975,Robbers,https://open.spotify.com/track/4ZrWnXFf4hhd8GYWUemI4X,582826038
The 1975,Chocolate,https://open.spotify.com/track/3gnKn6nIXEQgtLVvPFsuPw,527094938
The 1975,It's Not Living (If It's Not With You),https://open.spotify.com/track/3TgMcrV32NUKjEG2ujn9eh,454237716
The 1975,The Sound,https://open.spotify.com/track/316r1KLN0bcmpr7TZcMCXT,374440134
The 1975,Love It If We Made It,https://open.spotify.com/track/6WmIyn2fx1PKQ0XDpYj4VR,296513209
The 1975,fallingforyou,https://open.spotify.com/track/5U7wEDTUQBiFrmrhROymgi,270968787
The 1975,Girls,https://open.spotify.com/track/7ck6JYpyWpTl7PGXZsT1Ea,266309290
The 1975,Be My Mistake,https://open.spotify.com/track/18UsAG7SfOQ5sxJEdjAMH0,262327576
Clairo,Are You Bored Yet? (feat. Clairo),https://open.spotify.com/track/4N53ahUzFfbVnharSx8igO,1153652186
Clairo,Sofia,https://open.spotify.com/track/1zHUEIQ6yzaWBzhNCV1SGW,1048098008
Clairo,Bubble Gum,https://open.spotify.com/track/3zksbXteOCeSusJ5Xltr3t,664443366
Clairo,Pretty Girl,https://open.spotify.com/track/1wmscQlga5R9ZEVQ5Fos4M,642007659
Clairo,Bags,https://open.spotify.com/track/1wicceeNVtcnym2YjiOmyj,628095998
Clairo,Flaming Hot Cheetos,https://open.spotify.com/track/3dlwFhuuRS2vWZoYJSphqI,573227637
Clairo,4EVER,https://open.spotify.com/track/5mIOsPuQdXchVY0jB5NO9Q,436300364
Clairo,Hello?,https://open.spotify.com/track/5LpHjh0qnEkAHJJaIYuRIq,370224860
Clairo,Juna,https://open.spotify.com/track/2mWfVxEo4xZYDaz0v7hYrN,365503070
Clairo,Amoeba,https://open.spotify.com/track/0HAqq2GcQKyi3s87GuN7jU,283904786
